$ LOWER MONUMENTAL_OUTFLOW.npt based on $//LOWER MONUMENTAL_OUT/FLOW//1DAY/F0UMFE_EO40/ ; Units in metric!,
# From Crosswalk12_6_2017.DSS ; Julian Day 1 is 1899-12-31,
JDAY,FLOW
1.000000,872.281
2.000000,1072.845
3.000000,739.278
4.000000,737.714
5.000000,926.594
6.000000,1115.259
7.000000,915.91
8.000000,580.055
9.000000,628.49
10.000000,847.842
11.000000,784.717
12.000000,841.028
13.000000,812.456
14.000000,894.712
15.000000,949.161
16.000000,1124.987
17.000000,1469.061
18.000000,2230.207
19.000000,2922.33
20.000000,2530.358
21.000000,1941.711
22.000000,1642.036
23.000000,1958.652
24.000000,1880.315
25.000000,1743.035
26.000000,1888.677
27.000000,1934.876
28.000000,1940.247
29.000000,1815.667
30.000000,1540.449
31.000000,1573.571
32.000000,1230.171
33.000000,1315.143
34.000000,1495.201
35.000000,1264.857
36.000000,1117.435
37.000000,1098.028
38.000000,1127.253
39.000000,944.609
40.000000,1289.155
41.000000,1413.812
42.000000,1247.606
43.000000,1361.275
44.000000,1251.385
45.000000,1050.949
46.000000,1051.768
47.000000,1442.208
48.000000,1776.852
49.000000,1608.242
50.000000,1559.501
51.000000,1609.385
52.000000,1496.839
53.000000,1448.705
54.000000,1452.406
55.000000,1441.948
56.000000,1414.411
57.000000,1209.33
58.000000,1348.719
59.000000,1328.452
60.000000,1182.587
61.000000,1123.887
62.000000,1614.455
63.000000,1586.6
64.000000,1508.696
65.000000,1736.66
66.000000,1582.296
67.000000,1522.16
68.000000,1518.424
69.000000,1547.291
70.000000,1487.807
71.000000,1643.424
72.000000,1912.244
73.000000,1911.877
74.000000,1674.832
75.000000,1573.993
76.000000,1976.069
77.000000,1903.496
78.000000,2287.744
79.000000,2391.265
80.000000,2357.435
81.000000,2204.159
82.000000,2501.785
83.000000,2204.179
84.000000,1958.567
85.000000,2290.311
86.000000,2435.908
87.000000,2502.387
88.000000,2185.285
89.000000,2218.999
90.000000,2468.309
91.000000,3005.934
92.000000,3690.291
93.000000,3802.881
94.000000,3993.31
95.000000,3751.487
96.000000,3629.9
97.000000,3834.834
98.000000,3750.854
99.000000,3475.585
100.000000,3182.585
101.000000,3060.655
102.000000,3036.133
103.000000,2868.511
104.000000,2982.572
105.000000,2923.693
106.000000,2761.976
107.000000,2770.115
108.000000,2567.421
109.000000,2629.993
110.000000,2846.143
111.000000,2961.387
112.000000,2891.69
113.000000,2964.861
114.000000,2877.229
115.000000,2781.687
116.000000,2706.251
117.000000,2665.872
118.000000,2697.894
119.000000,2666.305
120.000000,2684.69
121.000000,2539.726
122.000000,2492.331
123.000000,2474.646
124.000000,2430.621
125.000000,2362.016
126.000000,2503.457
127.000000,2490.589
128.000000,2500.105
129.000000,2612.876
130.000000,2862.751
131.000000,3020.258
132.000000,2778.83
133.000000,3003.039
134.000000,3228.596
135.000000,3712.31
136.000000,4670.173
137.000000,5561.341
138.000000,5653.073
139.000000,5253.446
140.000000,4601.514
141.000000,4506.143
142.000000,4461.119
143.000000,4686.159
144.000000,4960.762
145.000000,5274.497
146.000000,5399.801
147.000000,5581.569
148.000000,5643.636
149.000000,5548.782
150.000000,5033.087
151.000000,4533.451
152.000000,4364.028
153.000000,4289.536
154.000000,4323.705
155.000000,4496.67
156.000000,4522.54
157.000000,4540.667
158.000000,4514.278
159.000000,5082.559
160.000000,5662.627
161.000000,6059.943
162.000000,5642.541
163.000000,5393.951
164.000000,5147.658
165.000000,5035.063
166.000000,5058.717
167.000000,5318.962
168.000000,5250.097
169.000000,4937.294
170.000000,4647.61
171.000000,4426.489
172.000000,4288.332
173.000000,4286.044
174.000000,4571.654
175.000000,4908.192
176.000000,5223.097
177.000000,5230.075
178.000000,4909.326
179.000000,4568.425
180.000000,4438.1
181.000000,4592.308
182.000000,4745.178
183.000000,4655.284
184.000000,4472.818
185.000000,4010.85
186.000000,3965.474
187.000000,3831.945
188.000000,3733.8
189.000000,3742.6
190.000000,3498.912
191.000000,3259.286
192.000000,2993.968
193.000000,2801.396
194.000000,2696.647
195.000000,2418.535
196.000000,2447.264
197.000000,2561.87
198.000000,2381.862
199.000000,2325.97
200.000000,2260.569
201.000000,2257.91
202.000000,2196.413
203.000000,1899.909
204.000000,2027.814
205.000000,1952.428
206.000000,1886.345
207.000000,1827.047
208.000000,1715.095
209.000000,1572.381
210.000000,1583.852
211.000000,1507.25
212.000000,1554.36
213.000000,1392.71
214.000000,1400.156
215.000000,1415.591
216.000000,1475.456
217.000000,1412.518
218.000000,1356.165
219.000000,1181.223
220.000000,1105.007
221.000000,1175.75
222.000000,1200.123
223.000000,1213.949
224.000000,1211.271
225.000000,1066.438
226.000000,1052.854
227.000000,1101.006
228.000000,1095.236
229.000000,976.433
230.000000,1119.307
231.000000,1101.958
232.000000,1000.102
233.000000,972.777
234.000000,1016.111
235.000000,1021.478
236.000000,1097.589
237.000000,1040.663
238.000000,1027.545
239.000000,1168.255
240.000000,997.38
241.000000,946.893
242.000000,979.451
243.000000,967.725
244.000000,1010.265
245.000000,1071.09
246.000000,967.047
247.000000,724.517
248.000000,771.567
249.000000,888.673
250.000000,1081.158
251.000000,1164.566
252.000000,969.114
253.000000,1054.437
254.000000,1142.964
255.000000,1241.391
256.000000,925.518
257.000000,1067.448
258.000000,1144.128
259.000000,1096.439
260.000000,1166.532
261.000000,1171.077
262.000000,1250.751
263.000000,1223.464
264.000000,1126.344
265.000000,977.69
266.000000,912.839
267.000000,905.212
268.000000,734.491
269.000000,800.336
270.000000,485.05
271.000000,828.64
272.000000,846.89
273.000000,871.766
274.000000,900.464
275.000000,972.214
276.000000,835.401
277.000000,760.319
278.000000,847.731
279.000000,893.963
280.000000,839.806
281.000000,938.5
282.000000,975.043
283.000000,972.51
284.000000,747.849
285.000000,764.419
286.000000,778.034
287.000000,772.551
288.000000,739.938
289.000000,558.041
290.000000,762.614
291.000000,799.889
292.000000,902.021
293.000000,795.761
294.000000,743.537
295.000000,681.586
296.000000,652.752
297.000000,748.601
298.000000,700.481
299.000000,719.665
300.000000,727.24
301.000000,727.508
302.000000,760.104
303.000000,534.823
304.000000,619.721
305.000000,755.085
306.000000,679.982
307.000000,725.206
308.000000,706.38
309.000000,613.26
310.000000,623.638
311.000000,723.867
312.000000,729.869
313.000000,700.149
314.000000,575.266
315.000000,757.814
316.000000,662.114
317.000000,583.579
318.000000,507.529
319.000000,588.697
320.000000,682.651
321.000000,759.166
322.000000,725.785
323.000000,556.264
324.000000,539.142
325.000000,670.12
326.000000,791.97
327.000000,680.609
328.000000,635.495
329.000000,816.181
330.000000,749.614
331.000000,696.895
332.000000,447.748
333.000000,548.434
334.000000,728.588
335.000000,618.354
336.000000,494.286
337.000000,636.731
338.000000,644.495
339.000000,505.864
340.000000,549.055
341.000000,634.36
342.000000,727.573
343.000000,766.563
344.000000,641.266
345.000000,776.882
346.000000,575.078
347.000000,374.053
348.000000,610.359
349.000000,883.919
350.000000,706.678
351.000000,414.596
352.000000,440.391
353.000000,576.853
354.000000,731.887
355.000000,628.424
356.000000,650.363
357.000000,608.922
358.000000,750.842
359.000000,610.381
360.000000,633.419
361.000000,669.106
362.000000,644.168
363.000000,715.65
364.000000,915.674
365.000000,987.825
366.000000,1128.44
367.000000,1001.976
368.000000,849.976
369.000000,760.234
370.000000,902.767
371.000000,853.178
372.000000,789.633
373.000000,892.905
374.000000,680.304
375.000000,564.486
376.000000,667.567
377.000000,722.947
378.000000,717.357
379.000000,863.141
380.000000,766.857
381.000000,584.362
382.000000,470.496
383.000000,673.133
384.000000,610.931
385.000000,832.205
386.000000,950.822
387.000000,946.317
388.000000,920.855
389.000000,904.154
390.000000,913.555
391.000000,914.093
392.000000,916.146
393.000000,1115.946
394.000000,1006.774
395.000000,1030.871
396.000000,837.461
397.000000,975.217
398.000000,979.217
399.000000,857.986
400.000000,876.123
401.000000,1151.439
402.000000,1093.662
403.000000,969.497
404.000000,720.356
405.000000,834.175
406.000000,999.459
407.000000,987.343
408.000000,772.107
409.000000,815.109
410.000000,737.71
411.000000,678.95
412.000000,1066.2
413.000000,843.369
414.000000,1008.145
415.000000,869.254
416.000000,803.801
417.000000,886.801
418.000000,849.671
419.000000,1135.614
420.000000,1692.215
421.000000,1659.626
422.000000,1610.634
423.000000,1086.135
424.000000,1000.183
425.000000,1106.23
426.000000,1025.116
427.000000,1091.163
428.000000,1179.458
429.000000,1057.182
430.000000,1025.4
431.000000,950.5
432.000000,1288.935
433.000000,1263.807
434.000000,1071.779
435.000000,1033.688
436.000000,1027.389
437.000000,1311.671
438.000000,1147.214
439.000000,1240.142
440.000000,1626.453
441.000000,1676.38
442.000000,2059.832
443.000000,2517.313
444.000000,2106.597
445.000000,1384.299
446.000000,1854.167
447.000000,1981.457
448.000000,2205.198
449.000000,2359.434
450.000000,2240.1
451.000000,2224.259
452.000000,2411.572
453.000000,2618.723
454.000000,2651.654
455.000000,2759.26
456.000000,2966.761
457.000000,3125.874
458.000000,3823.967
459.000000,3968.335
460.000000,3552.126
461.000000,3178.937
462.000000,2876.026
463.000000,3002.668
464.000000,2952.366
465.000000,2813.676
466.000000,2709.677
467.000000,2701.7
468.000000,2682.528
469.000000,2972.822
470.000000,3194.085
471.000000,3206.707
472.000000,3026.009
473.000000,2879.236
474.000000,2811.608
475.000000,2894.028
476.000000,2975.961
477.000000,3012.174
478.000000,3076.811
479.000000,3287.894
480.000000,3500.313
481.000000,4111.757
482.000000,4660.911
483.000000,4893.319
484.000000,5093.857
485.000000,5066.139
486.000000,4559.347
487.000000,4007.163
488.000000,3803.812
489.000000,3662.994
490.000000,3561.846
491.000000,3338
492.000000,3121.205
493.000000,2935.755
494.000000,2747.106
495.000000,2598.625
496.000000,2605.377
497.000000,2720.944
498.000000,2728.565
499.000000,2917.043
500.000000,2775.226
501.000000,2738.632
502.000000,2886.897
503.000000,3190.338
504.000000,3432.236
505.000000,3702.194
506.000000,3528.466
507.000000,3091.255
508.000000,2864.399
509.000000,3138.229
510.000000,3495.582
511.000000,3739.793
512.000000,3255.012
513.000000,2728.727
514.000000,2542.063
515.000000,2182.955
516.000000,2110.826
517.000000,2242.203
518.000000,2288.621
519.000000,2271.862
520.000000,2483.434
521.000000,2779.678
522.000000,2961.872
523.000000,3041.656
524.000000,3304.038
525.000000,3475.302
526.000000,2887.201
527.000000,2636.168
528.000000,2602.514
529.000000,2489.724
530.000000,2490.144
531.000000,2263.448
532.000000,2561.748
533.000000,2602.442
534.000000,2482.124
535.000000,2296.143
536.000000,2449.434
537.000000,2291.702
538.000000,2521.027
539.000000,2311.602
540.000000,2304.225
541.000000,2255.968
542.000000,2435.143
543.000000,2339.45
544.000000,2347.45
545.000000,2253.561
546.000000,2242.327
547.000000,1997.936
548.000000,1812.28
549.000000,1760.01
550.000000,1719.762
551.000000,1745.859
552.000000,1626.745
553.000000,1534.297
554.000000,1499.102
555.000000,1352.312
556.000000,1441.39
557.000000,1260.778
558.000000,1236.409
559.000000,1404.284
560.000000,1429.341
561.000000,1372.282
562.000000,1332.769
563.000000,1208.981
564.000000,1120.143
565.000000,1336.329
566.000000,1286.395
567.000000,1283.545
568.000000,1228.982
569.000000,1111.247
570.000000,1091.359
571.000000,1189.622
572.000000,1028.479
573.000000,1063.044
574.000000,1017.093
575.000000,1110.753
576.000000,1162.387
577.000000,1033.471
578.000000,941.271
579.000000,923.191
580.000000,1035.619
581.000000,1002.325
582.000000,903.512
583.000000,979.368
584.000000,908.509
585.000000,885.594
586.000000,770.832
587.000000,839.477
588.000000,889.267
589.000000,747.173
590.000000,845.293
591.000000,850.602
592.000000,821.442
593.000000,722.38
594.000000,742.45
595.000000,751.428
596.000000,701.837
597.000000,759.055
598.000000,782.138
599.000000,682.033
600.000000,676.017
601.000000,724.592
602.000000,740.978
603.000000,723.94
604.000000,672.176
605.000000,675.248
606.000000,739.441
607.000000,722.474
608.000000,688.843
609.000000,615.804
610.000000,719.046
611.000000,753.037
612.000000,598.391
613.000000,560.132
614.000000,452.468
615.000000,389.761
616.000000,784.128
617.000000,951.447
618.000000,878.095
619.000000,699.939
620.000000,701.924
621.000000,767.85
622.000000,825.965
623.000000,812.591
624.000000,747.801
625.000000,664.682
626.000000,624.338
627.000000,579.025
628.000000,777.725
629.000000,717.802
630.000000,627.483
631.000000,661.149
632.000000,530.115
633.000000,407.223
634.000000,486.172
635.000000,608.952
636.000000,493.105
637.000000,509.873
638.000000,398.915
639.000000,401.562
640.000000,341.978
641.000000,465.993
642.000000,847.81
643.000000,466.555
644.000000,447.35
645.000000,660.116
646.000000,599.038
647.000000,490.824
648.000000,445.688
649.000000,454.106
650.000000,442.089
651.000000,527.465
652.000000,501.214
653.000000,549.476
654.000000,387.837
655.000000,374.097
656.000000,434.39
657.000000,425.721
658.000000,494.707
659.000000,600.558
660.000000,578.176
661.000000,452.758
662.000000,391.651
663.000000,534.866
664.000000,511.592
665.000000,565.221
666.000000,565.47
667.000000,502.465
668.000000,453.582
669.000000,639.354
670.000000,768.682
671.000000,807.246
672.000000,732.748
673.000000,750.013
674.000000,632.653
675.000000,614.224
676.000000,677.111
677.000000,569.939
678.000000,543.539
679.000000,630.942
680.000000,608.134
681.000000,704.511
682.000000,595.504
683.000000,414.361
684.000000,487.97
685.000000,477.523
686.000000,677.695
687.000000,726.643
688.000000,687.57
689.000000,593.277
690.000000,465.962
691.000000,678.158
692.000000,824.389
693.000000,666.957
694.000000,546.353
695.000000,651.972
696.000000,647.922
697.000000,558.269
698.000000,582.5
699.000000,664.004
700.000000,752.696
701.000000,759.346
702.000000,697.14
703.000000,828.45
704.000000,988.888
705.000000,1024.691
706.000000,1089.474
707.000000,1170.148
708.000000,1187.645
709.000000,1156.227
710.000000,1063.666
711.000000,949.287
712.000000,807.082
713.000000,1028.253
714.000000,897.843
715.000000,845.555
716.000000,1056.173
717.000000,753.228
718.000000,613.476
719.000000,753.143
720.000000,831.65
721.000000,696.611
722.000000,645.953
723.000000,696.36
724.000000,914.215
725.000000,713.224
726.000000,714.205
727.000000,681.18
728.000000,731.879
729.000000,763.929
730.000000,823.202
731.000000,838.772
732.000000,684.918
733.000000,884.604
734.000000,658.553
735.000000,730.587
736.000000,843.246
737.000000,708.523
738.000000,630.761
739.000000,607.722
740.000000,554.351
741.000000,752.376
742.000000,803.476
743.000000,764.414
744.000000,789.831
745.000000,971.758
746.000000,608.233
747.000000,726.94
748.000000,948.419
749.000000,895.841
750.000000,712.697
751.000000,813.073
752.000000,757.154
753.000000,442.026
754.000000,667.533
755.000000,701.467
756.000000,671.35
757.000000,702.391
758.000000,536.644
759.000000,650.732
760.000000,630.112
761.000000,816.305
762.000000,718.655
763.000000,754.034
764.000000,809.997
765.000000,953.334
766.000000,938.539
767.000000,749.791
768.000000,888.842
769.000000,899.355
770.000000,875.179
771.000000,922.699
772.000000,881.715
773.000000,887.239
774.000000,877.171
775.000000,803.86
776.000000,741.104
777.000000,882.596
778.000000,919.181
779.000000,787.366
780.000000,846.119
781.000000,906.426
782.000000,803.241
783.000000,896.174
784.000000,843.215
785.000000,743.383
786.000000,719.647
787.000000,689.236
788.000000,695.875
789.000000,789.365
790.000000,768.801
791.000000,855.621
792.000000,618.921
793.000000,721.196
794.000000,930.931
795.000000,899.183
796.000000,1052.672
797.000000,985.475
798.000000,1016.889
799.000000,788.412
800.000000,813.189
801.000000,913.818
802.000000,688.244
803.000000,771.805
804.000000,889.989
805.000000,962.932
806.000000,1050.948
807.000000,1115.744
808.000000,1192.289
809.000000,1083.066
810.000000,1189.566
811.000000,1067.621
812.000000,1244.268
813.000000,1093.305
814.000000,1029.554
815.000000,1076.512
816.000000,858.59
817.000000,938.111
818.000000,922.549
819.000000,866.815
820.000000,692.888
821.000000,1067.401
822.000000,1160.331
823.000000,1247.092
824.000000,1601.926
825.000000,1844.137
826.000000,1750.261
827.000000,1932.691
828.000000,2186.218
829.000000,2178.723
830.000000,2168.272
831.000000,1989.74
832.000000,1885.61
833.000000,1818.442
834.000000,1761.224
835.000000,1815.819
836.000000,1680.033
837.000000,1650.284
838.000000,1683.223
839.000000,1406.545
840.000000,1443.449
841.000000,1401.207
842.000000,1398.069
843.000000,1516.165
844.000000,1584.198
845.000000,1623.453
846.000000,1450.845
847.000000,1361.6
848.000000,1338.724
849.000000,1532.005
850.000000,1585.193
851.000000,1750.279
852.000000,1897.504
853.000000,1828.185
854.000000,1696.609
855.000000,1616.758
856.000000,1587.498
857.000000,1670.859
858.000000,1722.738
859.000000,1882.647
860.000000,2228.385
861.000000,2424.891
862.000000,2823.532
863.000000,3072.02
864.000000,3134.47
865.000000,3344.568
866.000000,3600.752
867.000000,3703.641
868.000000,3374.795
869.000000,2944.28
870.000000,2677.208
871.000000,2619.734
872.000000,2359.76
873.000000,2249.306
874.000000,2232.552
875.000000,2143.71
876.000000,2075.008
877.000000,1928.296
878.000000,1917.975
879.000000,1857.953
880.000000,1721.691
881.000000,1798.626
882.000000,1938.292
883.000000,2014.548
884.000000,2001.411
885.000000,1978.814
886.000000,1758.051
887.000000,1741.314
888.000000,1798.291
889.000000,1803.158
890.000000,1753.432
891.000000,1900.396
892.000000,2025.765
893.000000,2059.782
894.000000,1964.286
895.000000,1870.6
896.000000,1676.972
897.000000,1634.99
898.000000,1557.701
899.000000,1474.15
900.000000,1249.307
901.000000,1291.479
902.000000,1463.075
903.000000,1504.138
904.000000,1440.661
905.000000,1540.191
906.000000,1248.141
907.000000,1218.703
908.000000,1275.774
909.000000,1332.521
910.000000,1310.11
911.000000,1302.031
912.000000,1286.41
913.000000,1320.013
914.000000,1311.929
915.000000,1314.958
916.000000,1317.53
917.000000,1303.444
918.000000,1175.694
919.000000,1205.415
920.000000,1045.74
921.000000,1118.527
922.000000,1013.876
923.000000,1061.919
924.000000,1004.33
925.000000,918.482
926.000000,919.925
927.000000,962.206
928.000000,807.321
929.000000,941.461
930.000000,933.144
931.000000,881.318
932.000000,905.968
933.000000,827.691
934.000000,925.765
935.000000,807.114
936.000000,809.92
937.000000,770.317
938.000000,790.686
939.000000,862.409
940.000000,867.269
941.000000,673.422
942.000000,752.745
943.000000,784.835
944.000000,725.973
945.000000,756.211
946.000000,765.611
947.000000,778.752
948.000000,845.504
949.000000,713.381
950.000000,725.095
951.000000,813.06
952.000000,705.306
953.000000,688.465
954.000000,730.126
955.000000,727.983
956.000000,657.299
957.000000,646.378
958.000000,751.236
959.000000,690.278
960.000000,636.853
961.000000,622.973
962.000000,652.194
963.000000,622.817
964.000000,558.098
965.000000,628.192
966.000000,585.566
967.000000,518.462
968.000000,584.265
969.000000,591.726
970.000000,618.121
971.000000,610.68
972.000000,643.002
973.000000,629.473
974.000000,602.665
975.000000,563.209
976.000000,603.295
977.000000,408.916
978.000000,374.215
979.000000,439.728
980.000000,451.027
981.000000,597.022
982.000000,719.241
983.000000,559.72
984.000000,604.067
985.000000,654.005
986.000000,788.997
987.000000,629.9
988.000000,637.783
989.000000,643.388
990.000000,625.993
991.000000,542.562
992.000000,563.277
993.000000,530.501
994.000000,430.895
995.000000,609.651
996.000000,811.732
997.000000,510.226
998.000000,332.192
999.000000,375.072
1000.000000,456.728
1001.000000,496.371
1002.000000,538.608
1003.000000,525.853
1004.000000,685.626
1005.000000,674.296
1006.000000,739.542
1007.000000,923.412
1008.000000,820.19
1009.000000,913.056
1010.000000,730.768
1011.000000,803.874
1012.000000,664.849
1013.000000,700.994
1014.000000,851.106
1015.000000,745.309
1016.000000,715.623
1017.000000,743.021
1018.000000,703.518
1019.000000,636.8
1020.000000,654.041
1021.000000,596.532
1022.000000,641.013
1023.000000,739.704
1024.000000,469.789
1025.000000,416.472
1026.000000,675.806
1027.000000,594.057
1028.000000,590.786
1029.000000,510.882
1030.000000,475.183
1031.000000,388.14
1032.000000,511.557
1033.000000,458.007
1034.000000,401.438
1035.000000,514.879
1036.000000,525.038
1037.000000,495.586
1038.000000,428.865
1039.000000,495.208
1040.000000,491.979
1041.000000,504.777
1042.000000,648.153
1043.000000,624.191
1044.000000,630.26
1045.000000,462.32
1046.000000,497.441
1047.000000,512.861
1048.000000,600.282
1049.000000,616.105
1050.000000,601.329
1051.000000,633.191
1052.000000,594.382
1053.000000,531.082
1054.000000,462.466
1055.000000,492.858
1056.000000,604.67
1057.000000,639.82
1058.000000,652.325
1059.000000,575.132
1060.000000,466.879
1061.000000,434.815
1062.000000,523.763
1063.000000,494.85
1064.000000,447.695
1065.000000,484.614
1066.000000,565.5
1067.000000,561.153
1068.000000,670.444
1069.000000,795.925
1070.000000,796.783
1071.000000,729.489
1072.000000,780.114
1073.000000,645.745
1074.000000,515.288
1075.000000,711.506
1076.000000,629.98
1077.000000,588.784
1078.000000,551.689
1079.000000,510.899
1080.000000,468.247
1081.000000,349.999
1082.000000,476.011
1083.000000,644.965
1084.000000,628.754
1085.000000,616.777
1086.000000,521.258
1087.000000,623.926
1088.000000,547.71
1089.000000,499.726
1090.000000,487.334
1091.000000,545.831
1092.000000,570.746
1093.000000,577.28
1094.000000,578.832
1095.000000,534.993
1096.000000,523.876
1097.000000,626.59
1098.000000,548.993
1099.000000,494.369
1100.000000,480.493
1101.000000,579.971
1102.000000,655.841
1103.000000,451.739
1104.000000,546.761
1105.000000,662.593
1106.000000,623.945
1107.000000,589.478
1108.000000,567.816
1109.000000,563.909
1110.000000,570.543
1111.000000,647.482
1112.000000,682.131
1113.000000,580.08
1114.000000,620.157
1115.000000,646.459
1116.000000,638.048
1117.000000,553.225
1118.000000,529.037
1119.000000,588.702
1120.000000,506.556
1121.000000,566.948
1122.000000,603.405
1123.000000,549.367
1124.000000,539.239
1125.000000,496.59
1126.000000,554.601
1127.000000,507.271
1128.000000,506.359
1129.000000,556.726
1130.000000,545.258
1131.000000,510.349
1132.000000,570.653
1133.000000,648.045
1134.000000,409.769
1135.000000,764.494
1136.000000,601.864
1137.000000,514.037
1138.000000,565.573
1139.000000,521.024
1140.000000,749.117
1141.000000,814.23
1142.000000,829.883
1143.000000,970.423
1144.000000,1206.822
1145.000000,990.831
1146.000000,1062.272
1147.000000,1133.813
1148.000000,995.69
1149.000000,957.492
1150.000000,807.013
1151.000000,878.612
1152.000000,980.561
1153.000000,1064.99
1154.000000,933.666
1155.000000,816.708
1156.000000,937.521
1157.000000,1117.883
1158.000000,1074.202
1159.000000,1371.066
1160.000000,1499.184
1161.000000,1902.068
1162.000000,2410.254
1163.000000,2888.239
1164.000000,2960.851
1165.000000,2865.456
1166.000000,3165.248
1167.000000,3530.506
1168.000000,3513.744
1169.000000,3105.725
1170.000000,2278.71
1171.000000,2214.326
1172.000000,2277.327
1173.000000,2093.125
1174.000000,2059.911
1175.000000,2080.004
1176.000000,2087.511
1177.000000,1758.089
1178.000000,1928.952
1179.000000,1543.174
1180.000000,1621.236
1181.000000,1560.36
1182.000000,1364.55
1183.000000,1620.758
1184.000000,1827.18
1185.000000,2266.983
1186.000000,2354.697
1187.000000,2462.891
1188.000000,2105.744
1189.000000,1987.479
1190.000000,2019.829
1191.000000,1967.825
1192.000000,1989.271
1193.000000,2050.534
1194.000000,2032.169
1195.000000,2055.252
1196.000000,2182.661
1197.000000,2168.846
1198.000000,2363.475
1199.000000,2394.379
1200.000000,2318.643
1201.000000,2389.33
1202.000000,2251.692
1203.000000,2131.19
1204.000000,1984.731
1205.000000,2093.71
1206.000000,2213.037
1207.000000,2093.081
1208.000000,2066.87
1209.000000,2078.296
1210.000000,2270.61
1211.000000,2125.581
1212.000000,2255.509
1213.000000,2347.08
1214.000000,2309.994
1215.000000,1750.255
1216.000000,2007.169
1217.000000,1947.193
1218.000000,2095.519
1219.000000,1966.734
1220.000000,2264.446
1221.000000,2602.679
1222.000000,2765.464
1223.000000,2811.776
1224.000000,2714.967
1225.000000,2467.915
1226.000000,2410.326
1227.000000,2380.62
1228.000000,2304.274
1229.000000,2233.998
1230.000000,2036.925
1231.000000,1929.726
1232.000000,1990.729
1233.000000,2263.516
1234.000000,2781.301
1235.000000,3031.795
1236.000000,3259.919
1237.000000,3419.231
1238.000000,3052.184
1239.000000,3011.515
1240.000000,3218.01
1241.000000,3752.427
1242.000000,3905.555
1243.000000,3974.931
1244.000000,3832.274
1245.000000,3814.179
1246.000000,3691.808
1247.000000,3615.594
1248.000000,3471.372
1249.000000,3342.188
1250.000000,3303.409
1251.000000,3245.145
1252.000000,3182.525
1253.000000,3213.399
1254.000000,3161.545
1255.000000,2980.069
1256.000000,2874.266
1257.000000,2848.922
1258.000000,2691.901
1259.000000,2635.825
1260.000000,2634.555
1261.000000,2395.78
1262.000000,2409.977
1263.000000,2170.328
1264.000000,1940.255
1265.000000,1893.753
1266.000000,2040.995
1267.000000,1907.945
1268.000000,1880.175
1269.000000,1734.698
1270.000000,1786.797
1271.000000,1969.484
1272.000000,1882.546
1273.000000,1759.199
1274.000000,1833.179
1275.000000,1828.664
1276.000000,1786.647
1277.000000,1950.871
1278.000000,2100.938
1279.000000,1900.185
1280.000000,1832.804
1281.000000,1825.676
1282.000000,1795.052
1283.000000,1720.899
1284.000000,1566.352
1285.000000,1518.168
1286.000000,1532.414
1287.000000,1538.006
1288.000000,1480.1
1289.000000,1431.276
1290.000000,1376.167
1291.000000,1368.394
1292.000000,1393.103
1293.000000,1270.425
1294.000000,1103.781
1295.000000,1152.565
1296.000000,988.891
1297.000000,1148.105
1298.000000,1040.975
1299.000000,1087.967
1300.000000,1096.072
1301.000000,974.158
1302.000000,933.231
1303.000000,951.708
1304.000000,817.786
1305.000000,921.788
1306.000000,979.166
1307.000000,929.37
1308.000000,1075.714
1309.000000,1013.622
1310.000000,975.377
1311.000000,928.437
1312.000000,934.488
1313.000000,876.491
1314.000000,828.661
1315.000000,786.844
1316.000000,708.57
1317.000000,812.789
1318.000000,743.195
1319.000000,821.214
1320.000000,803.844
1321.000000,806.766
1322.000000,857.06
1323.000000,871.886
1324.000000,796.567
1325.000000,917.159
1326.000000,739.494
1327.000000,677.796
1328.000000,721.417
1329.000000,667.534
1330.000000,612.792
1331.000000,615.674
1332.000000,663.349
1333.000000,672.991
1334.000000,632.304
1335.000000,775.761
1336.000000,729.245
1337.000000,641.511
1338.000000,689.057
1339.000000,688.893
1340.000000,701.158
1341.000000,683.396
1342.000000,557.97
1343.000000,577.391
1344.000000,555.993
1345.000000,529.492
1346.000000,572.445
1347.000000,586.16
1348.000000,628.112
1349.000000,638.203
1350.000000,755.164
1351.000000,664.813
1352.000000,601.7
1353.000000,759.283
1354.000000,695.78
1355.000000,788.706
1356.000000,709.422
1357.000000,551.511
1358.000000,456.259
1359.000000,545.111
1360.000000,632.545
1361.000000,595.938
1362.000000,379.786
1363.000000,392.416
1364.000000,536.118
1365.000000,846.451
1366.000000,560.262
1367.000000,311.185
1368.000000,381.095
1369.000000,423.56
1370.000000,441.23
1371.000000,400.392
1372.000000,458.602
1373.000000,465.214
1374.000000,443.361
1375.000000,458.574
1376.000000,414.238
1377.000000,546.279
1378.000000,602.587
1379.000000,511.279
1380.000000,551.182
1381.000000,607.981
1382.000000,458.101
1383.000000,389.35
1384.000000,538.687
1385.000000,482.82
1386.000000,417.719
1387.000000,422.854
1388.000000,460.921
1389.000000,472.959
1390.000000,421.157
1391.000000,540.678
1392.000000,486.365
1393.000000,447.469
1394.000000,473.589
1395.000000,526.47
1396.000000,634.223
1397.000000,542.121
1398.000000,581.803
1399.000000,482.44
1400.000000,572.357
1401.000000,643.111
1402.000000,514.071
1403.000000,570.638
1404.000000,576.49
1405.000000,588.806
1406.000000,616.826
1407.000000,640.398
1408.000000,553.28
1409.000000,522.539
1410.000000,699.593
1411.000000,532.424
1412.000000,641.484
1413.000000,575.715
1414.000000,622.406
1415.000000,571.828
1416.000000,599.016
1417.000000,597.764
1418.000000,482.36
1419.000000,441.584
1420.000000,619.818
1421.000000,614.001
1422.000000,512.879
1423.000000,503.006
1424.000000,510.18
1425.000000,447.813
1426.000000,624.577
1427.000000,749.152
1428.000000,922.74
1429.000000,710.734
1430.000000,829.346
1431.000000,917.649
1432.000000,893.807
1433.000000,769.575
1434.000000,739.965
1435.000000,636.449
1436.000000,704.81
1437.000000,787.262
1438.000000,706.019
1439.000000,649.803
1440.000000,773.996
1441.000000,775.194
1442.000000,753.623
1443.000000,789.428
1444.000000,871.977
1445.000000,698.772
1446.000000,707.761
1447.000000,813.706
1448.000000,797.891
1449.000000,810.208
1450.000000,821.185
1451.000000,788.262
1452.000000,927.865
1453.000000,1144.038
1454.000000,1101.041
1455.000000,978.275
1456.000000,908.631
1457.000000,971.746
1458.000000,991.847
1459.000000,1055.37
1460.000000,971.567
1461.000000,700.226
1462.000000,800.754
1463.000000,765.025
1464.000000,678.987
1465.000000,939.124
1466.000000,757.854
1467.000000,778.921
1468.000000,757.336
1469.000000,921.693
1470.000000,1075.409
1471.000000,1121.328
1472.000000,1020.768
1473.000000,890.111
1474.000000,967.024
1475.000000,916.853
1476.000000,851.151
1477.000000,834.307
1478.000000,887.403
1479.000000,789.826
1480.000000,915.679
1481.000000,1063.028
1482.000000,1204.439
1483.000000,1161.273
1484.000000,1148.202
1485.000000,1078.984
1486.000000,971.934
1487.000000,1048.061
1488.000000,1038.916
1489.000000,1119.815
1490.000000,1140.862
1491.000000,1013.865
1492.000000,1148.312
1493.000000,1151.978
1494.000000,1072.806
1495.000000,1161.449
1496.000000,1077.499
1497.000000,1155.599
1498.000000,1096.649
1499.000000,1258.559
1500.000000,1351.049
1501.000000,1852.634
1502.000000,1860.397
1503.000000,2159.589
1504.000000,2232.11
1505.000000,2284.495
1506.000000,1844.013
1507.000000,1900.182
1508.000000,1907.566
1509.000000,1904.492
1510.000000,1897.177
1511.000000,1743.543
1512.000000,1535.395
1513.000000,1476.176
1514.000000,1587.025
1515.000000,1414.189
1516.000000,1219.979
1517.000000,1362.661
1518.000000,1316.714
1519.000000,1141.346
1520.000000,843.199
1521.000000,1112.525
1522.000000,1099.538
1523.000000,1036.836
1524.000000,909.005
1525.000000,905.519
1526.000000,998.928
1527.000000,961.086
1528.000000,939.419
1529.000000,820.614
1530.000000,795.634
1531.000000,692.6
1532.000000,753.499
1533.000000,851.718
1534.000000,905.866
1535.000000,920.206
1536.000000,980.268
1537.000000,1170.617
1538.000000,1299.852
1539.000000,1139.882
1540.000000,1324.33
1541.000000,1424.874
1542.000000,1519.487
1543.000000,1453.939
1544.000000,1355.594
1545.000000,1558.431
1546.000000,1461.417
1547.000000,1328.202
1548.000000,1695.136
1549.000000,1692.763
1550.000000,1795.266
1551.000000,1681.205
1552.000000,1794.898
1553.000000,1977.592
1554.000000,1513.876
1555.000000,1999.825
1556.000000,1925.373
1557.000000,1516.82
1558.000000,1573.453
1559.000000,1421.637
1560.000000,1294.077
1561.000000,1380.029
1562.000000,1273.749
1563.000000,1255.969
1564.000000,1268.854
1565.000000,1257.439
1566.000000,1170.618
1567.000000,1197.23
1568.000000,1236.941
1569.000000,1095.041
1570.000000,1065.223
1571.000000,1234.942
1572.000000,1276.156
1573.000000,1387.209
1574.000000,1460.656
1575.000000,1417.089
1576.000000,1623.014
1577.000000,1575.693
1578.000000,1530.026
1579.000000,1494.135
1580.000000,1333.455
1581.000000,1447.484
1582.000000,1400.507
1583.000000,1461.38
1584.000000,1520.733
1585.000000,1566.67
1586.000000,1524.585
1587.000000,1635.47
1588.000000,1660.098
1589.000000,1864.733
1590.000000,1814.002
1591.000000,1762.931
1592.000000,1630.543
1593.000000,1507.874
1594.000000,1442.405
1595.000000,1494.548
1596.000000,1539.96
1597.000000,1603.005
1598.000000,1611.177
1599.000000,1787.634
1600.000000,1959.716
1601.000000,2047.885
1602.000000,1838.623
1603.000000,1757.283
1604.000000,1841.07
1605.000000,1806.87
1606.000000,1829.443
1607.000000,1820.287
1608.000000,1872.255
1609.000000,1782.558
1610.000000,1876.037
1611.000000,1802.19
1612.000000,1757.534
1613.000000,1694.489
1614.000000,1703.655
1615.000000,1741.543
1616.000000,1840.323
1617.000000,1632.049
1618.000000,1701.798
1619.000000,1533.226
1620.000000,1358.284
1621.000000,1441.357
1622.000000,1350.008
1623.000000,1372.47
1624.000000,1344.142
1625.000000,1252.754
1626.000000,1210.586
1627.000000,1100.365
1628.000000,953.218
1629.000000,879.253
1630.000000,924.856
1631.000000,857.158
1632.000000,877.034
1633.000000,851.871
1634.000000,870.146
1635.000000,776.711
1636.000000,853.205
1637.000000,774.587
1638.000000,808.184
1639.000000,808.069
1640.000000,852.921
1641.000000,816.592
1642.000000,935.904
1643.000000,966.292
1644.000000,877.5
1645.000000,822.705
1646.000000,843.212
1647.000000,724.623
1648.000000,577.02
1649.000000,542.253
1650.000000,668.623
1651.000000,712.569
1652.000000,696.276
1653.000000,660.267
1654.000000,799.655
1655.000000,878.177
1656.000000,832.512
1657.000000,818.435
1658.000000,818.647
1659.000000,761.813
1660.000000,686.506
1661.000000,742.346
1662.000000,815.216
1663.000000,851.973
1664.000000,816.433
1665.000000,780.235
1666.000000,793.115
1667.000000,943.145
1668.000000,764.804
1669.000000,727.868
1670.000000,745.311
1671.000000,694.639
1672.000000,829.486
1673.000000,753.31
1674.000000,864.91
1675.000000,782.522
1676.000000,846.228
1677.000000,841.139
1678.000000,787.595
1679.000000,702.367
1680.000000,643.645
1681.000000,654.53
1682.000000,609.116
1683.000000,555.069
1684.000000,554.425
1685.000000,551.61
1686.000000,488.848
1687.000000,533.643
1688.000000,542.784
1689.000000,605.66
1690.000000,598.989
1691.000000,614.181
1692.000000,579.354
1693.000000,564.528
1694.000000,505.046
1695.000000,508.892
1696.000000,597.127
1697.000000,478.166
1698.000000,466.262
1699.000000,539.495
1700.000000,620.904
1701.000000,478.381
1702.000000,457.043
1703.000000,552.257
1704.000000,574.285
1705.000000,569.893
1706.000000,519.711
1707.000000,516.788
1708.000000,527.868
1709.000000,373.885
1710.000000,377.05
1711.000000,398.125
1712.000000,561.216
1713.000000,501.406
1714.000000,534.697
1715.000000,620.765
1716.000000,547.901
1717.000000,516.17
1718.000000,577.376
1719.000000,498.027
1720.000000,596.169
1721.000000,566.257
1722.000000,777.24
1723.000000,741.289
1724.000000,700.097
1725.000000,663.739
1726.000000,446.377
1727.000000,477.198
1728.000000,529.757
1729.000000,494.571
1730.000000,508.28
1731.000000,487.483
1732.000000,387.572
1733.000000,350.476
1734.000000,377.536
1735.000000,404.215
1736.000000,497.82
1737.000000,478.529
1738.000000,447.417
1739.000000,371.888
1740.000000,383.265
1741.000000,447.469
1742.000000,510.403
1743.000000,491.984
1744.000000,546.39
1745.000000,541.967
1746.000000,494.367
1747.000000,417.178
1748.000000,345.705
1749.000000,388.519
1750.000000,527.165
1751.000000,562.965
1752.000000,371.249
1753.000000,379.16
1754.000000,361.137
1755.000000,353.196
1756.000000,502.889
1757.000000,514.7
1758.000000,442.601
1759.000000,481.218
1760.000000,467.209
1761.000000,484.478
1762.000000,526.596
1763.000000,534.178
1764.000000,434.92
1765.000000,408.702
1766.000000,474.282
1767.000000,590.808
1768.000000,662.844
1769.000000,625.993
1770.000000,566.512
1771.000000,571.384
1772.000000,561.914
1773.000000,600.112
1774.000000,541.601
1775.000000,445.658
1776.000000,462.402
1777.000000,492.84
1778.000000,487.784
1779.000000,609.096
1780.000000,472.134
1781.000000,544.216
1782.000000,632.374
1783.000000,484.015
1784.000000,465.989
1785.000000,445.65
1786.000000,560.648
1787.000000,537.69
1788.000000,543.949
1789.000000,423.882
1790.000000,489.673
1791.000000,526.621
1792.000000,543.318
1793.000000,453.75
1794.000000,410.618
1795.000000,369.13
1796.000000,584.082
1797.000000,553.991
1798.000000,449.014
1799.000000,377.97
1800.000000,373.336
1801.000000,398.469
1802.000000,502.416
1803.000000,606.22
1804.000000,641.918
1805.000000,803.079
1806.000000,904.595
1807.000000,886.77
1808.000000,798.557
1809.000000,820.657
1810.000000,694.291
1811.000000,708.945
1812.000000,873.307
1813.000000,558.069
1814.000000,682.49
1815.000000,649.836
1816.000000,655.546
1817.000000,658.18
1818.000000,762.165
1819.000000,757.157
1820.000000,753.372
1821.000000,638.289
1822.000000,645.539
1823.000000,555.176
1824.000000,614.105
1825.000000,772.973
1826.000000,661.566
1827.000000,644.943
