$ CLEARWATER US LEWISTON LEVEEFLOW.npt based on $//CLEARWATER US LEWISTON LEVEE/FLOW//1DAY/F0UMFE_EO40/ ; Units in metric!,
# From Crosswalk12_6_2017.DSS ; Julian Day 1 is 1899-12-31,
JDAY,FLOW
1.000000,146.871
2.000000,120.802
3.000000,104.567
4.000000,114.505
5.000000,139.179
6.000000,149.524
7.000000,146.765
8.000000,147.166
9.000000,154.356
10.000000,157.065
11.000000,145.377
12.000000,129.765
13.000000,142.285
14.000000,204.998
15.000000,339.212
16.000000,474.396
17.000000,816.948
18.000000,1507.821
19.000000,1444.889
20.000000,861.891
21.000000,627.092
22.000000,657.322
23.000000,847.974
24.000000,807.126
25.000000,726.167
26.000000,745.112
27.000000,750.508
28.000000,696.326
29.000000,638.474
30.000000,591.989
31.000000,584.387
32.000000,557.458
33.000000,500.58
34.000000,451.486
35.000000,447.393
36.000000,489.342
37.000000,541.026
38.000000,535.612
39.000000,508.21
40.000000,518.268
41.000000,497.91
42.000000,483.154
43.000000,479.506
44.000000,472.578
45.000000,484.027
46.000000,505.398
47.000000,515.548
48.000000,587.324
49.000000,603.337
50.000000,577.506
51.000000,530.358
52.000000,480.066
53.000000,413.141
54.000000,381.075
55.000000,382.572
56.000000,368.026
57.000000,343.919
58.000000,318.114
59.000000,314.598
60.000000,328.102
61.000000,352.704
62.000000,426.348
63.000000,498.641
64.000000,547.427
65.000000,562.564
66.000000,605.502
67.000000,604.311
68.000000,585.807
69.000000,565.207
70.000000,627.06
71.000000,735.909
72.000000,695.175
73.000000,677.148
74.000000,819.998
75.000000,826.926
76.000000,859.709
77.000000,846.205
78.000000,769.745
79.000000,750.192
80.000000,741.234
81.000000,733.776
82.000000,791.312
83.000000,767.227
84.000000,748.066
85.000000,770.919
86.000000,766.856
87.000000,748.874
88.000000,723.789
89.000000,698.583
90.000000,879.184
91.000000,1328.938
92.000000,1850.948
93.000000,2010.06
94.000000,1946.139
95.000000,1427.157
96.000000,1653.214
97.000000,1593.472
98.000000,1410.124
99.000000,1294.093
100.000000,1228.826
101.000000,1201.823
102.000000,1177.673
103.000000,1177.289
104.000000,1112.051
105.000000,1075.074
106.000000,945.338
107.000000,841.299
108.000000,776.823
109.000000,717.93
110.000000,629.002
111.000000,587.644
112.000000,584.541
113.000000,699.235
114.000000,716.414
115.000000,692.87
116.000000,733.717
117.000000,766.762
118.000000,757.705
119.000000,769.804
120.000000,781.913
121.000000,716.327
122.000000,674.365
123.000000,647.89
124.000000,678.947
125.000000,648.714
126.000000,619.608
127.000000,654.964
128.000000,744.576
129.000000,846.365
130.000000,931.837
131.000000,906.359
132.000000,825.183
133.000000,915.612
134.000000,1060.978
135.000000,1308.062
136.000000,1848.818
137.000000,2198.186
138.000000,1793.18
139.000000,1398.206
140.000000,1208.823
141.000000,1165.393
142.000000,1219.289
143.000000,1411.19
144.000000,1423.449
145.000000,1520.485
146.000000,1681.541
147.000000,1833.234
148.000000,1826.213
149.000000,1526.666
150.000000,1293.887
151.000000,1127.649
152.000000,1074.074
153.000000,1164.948
154.000000,1347.65
155.000000,1644.668
156.000000,1497.719
157.000000,1456.41
158.000000,1655.478
159.000000,2035.523
160.000000,2213.617
161.000000,1982.715
162.000000,1634.909
163.000000,1530.415
164.000000,1558.18
165.000000,1534.155
166.000000,1506.05
167.000000,1573.368
168.000000,1461.069
169.000000,1320.554
170.000000,1186.818
171.000000,1241.269
172.000000,1286.215
173.000000,1313.878
174.000000,1556.922
175.000000,1796.857
176.000000,1809.643
177.000000,1535.134
178.000000,1380.494
179.000000,1307.285
180.000000,1318.495
181.000000,1478.426
182.000000,1547.927
183.000000,1354.418
184.000000,1222.095
185.000000,1213.889
186.000000,1258.378
187.000000,1271.234
188.000000,1254.002
189.000000,1234.913
190.000000,1185.23
191.000000,1088.971
192.000000,978.469
193.000000,900.853
194.000000,874.249
195.000000,799.123
196.000000,862.261
197.000000,862.118
198.000000,794.223
199.000000,776.36
200.000000,761.952
201.000000,732.866
202.000000,740.268
203.000000,706.414
204.000000,664.085
205.000000,654.165
206.000000,615.738
207.000000,601.165
208.000000,593.522
209.000000,573.954
210.000000,564.302
211.000000,556.338
212.000000,536.755
213.000000,529.255
214.000000,532.496
215.000000,525.899
216.000000,515.948
217.000000,512.659
218.000000,498.627
219.000000,470.415
220.000000,464.617
221.000000,458.462
222.000000,473.345
223.000000,479.582
224.000000,473.944
225.000000,461.154
226.000000,457.722
227.000000,459.271
228.000000,457.748
229.000000,452.318
230.000000,446.199
231.000000,446.95
232.000000,449.558
233.000000,448.684
234.000000,453.483
235.000000,443.346
236.000000,443.906
237.000000,445.463
238.000000,446.494
239.000000,450.251
240.000000,450.938
241.000000,441.091
242.000000,433.069
243.000000,431.817
244.000000,430.021
245.000000,431.962
246.000000,437.01
247.000000,444.875
248.000000,439.186
249.000000,435.086
250.000000,382.199
251.000000,362.179
252.000000,352.614
253.000000,346.589
254.000000,342.15
255.000000,316.043
256.000000,266.206
257.000000,282.43
258.000000,275.454
259.000000,229.93
260.000000,205.2
261.000000,189.916
262.000000,189.625
263.000000,166.935
264.000000,132.731
265.000000,119.023
266.000000,107.873
267.000000,99.35
268.000000,98.045
269.000000,90.732
270.000000,94.793
271.000000,85.298
272.000000,85.435
273.000000,86.849
274.000000,84.202
275.000000,81.452
276.000000,85.713
277.000000,87.489
278.000000,87.879
279.000000,88.263
280.000000,98.491
281.000000,121.458
282.000000,132.797
283.000000,121.703
284.000000,100.412
285.000000,112.689
286.000000,158.89
287.000000,149.882
288.000000,111.676
289.000000,108.71
290.000000,118.785
291.000000,127.22
292.000000,134.76
293.000000,130.199
294.000000,122.618
295.000000,122.061
296.000000,117.939
297.000000,117.184
298.000000,123.128
299.000000,133.353
300.000000,131.557
301.000000,120.21
302.000000,112.799
303.000000,108.849
304.000000,112.253
305.000000,117.437
306.000000,135.006
307.000000,135.329
308.000000,111.973
309.000000,106.335
310.000000,117.689
311.000000,113.681
312.000000,104.888
313.000000,101.922
314.000000,102.856
315.000000,101.344
316.000000,95.755
317.000000,98.069
318.000000,109.919
319.000000,118.239
320.000000,116.137
321.000000,93.744
322.000000,91.716
323.000000,103.016
324.000000,108.81
325.000000,103.372
326.000000,99.917
327.000000,103.655
328.000000,108.87
329.000000,112.502
330.000000,124.483
331.000000,125.121
332.000000,104.082
333.000000,101.027
334.000000,107.778
335.000000,109.185
336.000000,109.873
337.000000,105.134
338.000000,100.486
339.000000,94.575
340.000000,92.138
341.000000,85.969
342.000000,81.54
343.000000,90.578
344.000000,103.322
345.000000,92.892
346.000000,79.829
347.000000,79.237
348.000000,91.725
349.000000,98.787
350.000000,98.482
351.000000,100.185
352.000000,96.052
353.000000,92.825
354.000000,94.854
355.000000,93.467
356.000000,87.344
357.000000,93.122
358.000000,78.303
359.000000,68.355
360.000000,75.408
361.000000,91.264
362.000000,105.586
363.000000,119.569
364.000000,188.843
365.000000,258.382
366.000000,233.214
367.000000,175.321
368.000000,130.873
369.000000,125.724
370.000000,129.685
371.000000,125.445
372.000000,127.087
373.000000,123.37
374.000000,118.817
375.000000,112.431
376.000000,110.843
377.000000,114.155
378.000000,98.478
379.000000,80.714
380.000000,79.98
381.000000,100.783
382.000000,117.051
383.000000,108.823
384.000000,108.815
385.000000,105.082
386.000000,114.109
387.000000,142.606
388.000000,167.887
389.000000,164.72
390.000000,145.324
391.000000,134.541
392.000000,143.789
393.000000,159.752
394.000000,149.084
395.000000,135.672
396.000000,145.088
397.000000,165.19
398.000000,157.03
399.000000,149.509
400.000000,141.141
401.000000,131.857
402.000000,129.496
403.000000,123.259
404.000000,121.319
405.000000,121.921
406.000000,119.17
407.000000,120.808
408.000000,137.873
409.000000,145.979
410.000000,148.938
411.000000,145.06
412.000000,142.017
413.000000,133.124
414.000000,128.479
415.000000,137.282
416.000000,143.239
417.000000,135.762
418.000000,148.325
419.000000,441.382
420.000000,798.452
421.000000,521.478
422.000000,356.585
423.000000,282.389
424.000000,229.85
425.000000,210.645
426.000000,241.236
427.000000,293.53
428.000000,301.507
429.000000,289.946
430.000000,291.86
431.000000,306.305
432.000000,327.51
433.000000,317.245
434.000000,299.92
435.000000,297.481
436.000000,306.987
437.000000,274.149
438.000000,269.437
439.000000,326.437
440.000000,422.37
441.000000,455.594
442.000000,847.463
443.000000,977.361
444.000000,708.28
445.000000,592.226
446.000000,570.179
447.000000,618.624
448.000000,672.534
449.000000,689.026
450.000000,672.472
451.000000,679.6
452.000000,1078.989
453.000000,1065.248
454.000000,909.054
455.000000,920.911
456.000000,1064.814
457.000000,1409.221
458.000000,1384.527
459.000000,1151.546
460.000000,964.279
461.000000,920.866
462.000000,912.05
463.000000,897.208
464.000000,926.576
465.000000,918.958
466.000000,910.612
467.000000,939.877
468.000000,1002.259
469.000000,1162.653
470.000000,1288.163
471.000000,1184.582
472.000000,1112.158
473.000000,1072.346
474.000000,1090.57
475.000000,1129.89
476.000000,1180.992
477.000000,1204.574
478.000000,1326.067
479.000000,1440.335
480.000000,1583.875
481.000000,1881.884
482.000000,2050.677
483.000000,1943.154
484.000000,2115.335
485.000000,1670.658
486.000000,1326.031
487.000000,1272.251
488.000000,1378.171
489.000000,1225.496
490.000000,1116.232
491.000000,1102.158
492.000000,1021.678
493.000000,837.606
494.000000,689.034
495.000000,722.201
496.000000,826.408
497.000000,937.901
498.000000,970.944
499.000000,884.466
500.000000,836.622
501.000000,848.004
502.000000,1023.442
503.000000,1287.894
504.000000,1444.157
505.000000,1314.547
506.000000,1128.867
507.000000,982.489
508.000000,921.464
509.000000,1219.384
510.000000,1492.746
511.000000,1217.938
512.000000,1011.693
513.000000,827.467
514.000000,733.933
515.000000,713.888
516.000000,700.339
517.000000,698.439
518.000000,724.149
519.000000,772.837
520.000000,943.028
521.000000,1092.826
522.000000,978.749
523.000000,1118.48
524.000000,1404.725
525.000000,1220.895
526.000000,1033.963
527.000000,1023.275
528.000000,1099.921
529.000000,1067.646
530.000000,1022.679
531.000000,1051.05
532.000000,1138.894
533.000000,1054.501
534.000000,1007.886
535.000000,982.762
536.000000,1049.298
537.000000,962.635
538.000000,880.524
539.000000,856.17
540.000000,862.629
541.000000,908.351
542.000000,908.213
543.000000,877.324
544.000000,891.254
545.000000,867.161
546.000000,787.137
547.000000,708.051
548.000000,647.217
549.000000,635.801
550.000000,624.917
551.000000,607.343
552.000000,590.936
553.000000,544.641
554.000000,487.258
555.000000,462.277
556.000000,448.298
557.000000,434.852
558.000000,453.847
559.000000,508.795
560.000000,539.616
561.000000,551.655
562.000000,543.527
563.000000,553.045
564.000000,564.888
565.000000,532.791
566.000000,520.529
567.000000,522.759
568.000000,446.227
569.000000,428.644
570.000000,459.97
571.000000,475.278
572.000000,481.087
573.000000,474.418
574.000000,472.252
575.000000,471.657
576.000000,462.331
577.000000,436.497
578.000000,412.065
579.000000,417.2
580.000000,443.596
581.000000,443.384
582.000000,441.866
583.000000,439.954
584.000000,430.133
585.000000,408.246
586.000000,403.719
587.000000,401.382
588.000000,408.917
589.000000,417.894
590.000000,422.44
591.000000,419.081
592.000000,408.25
593.000000,392.341
594.000000,387.077
595.000000,367.652
596.000000,359.377
597.000000,359.859
598.000000,346.464
599.000000,327.072
600.000000,322.188
601.000000,323.244
602.000000,320.536
603.000000,319.09
604.000000,318.962
605.000000,318.894
606.000000,317.271
607.000000,308.3
608.000000,294.077
609.000000,291.373
610.000000,286.983
611.000000,287.742
612.000000,285.135
613.000000,279.204
614.000000,279.975
615.000000,282.76
616.000000,280.99
617.000000,279.587
618.000000,274.275
619.000000,265.433
620.000000,240.483
621.000000,214.165
622.000000,205.583
623.000000,206.828
624.000000,178.146
625.000000,157.483
626.000000,165.702
627.000000,147.709
628.000000,114.839
629.000000,103.583
630.000000,103.445
631.000000,95.013
632.000000,85.598
633.000000,78.784
634.000000,75.353
635.000000,75.782
636.000000,77.278
637.000000,78.528
638.000000,76.966
639.000000,74.152
640.000000,74.784
641.000000,75.37
642.000000,70.731
643.000000,74.255
644.000000,77.403
645.000000,76.277
646.000000,72.726
647.000000,74.866
648.000000,74.73
649.000000,75.589
650.000000,77.32
651.000000,76.654
652.000000,76.351
653.000000,80.968
654.000000,85.156
655.000000,95.536
656.000000,108.941
657.000000,121.779
658.000000,104.806
659.000000,90.912
660.000000,98.768
661.000000,118.88
662.000000,115.803
663.000000,103.944
664.000000,99.596
665.000000,94.649
666.000000,95.374
667.000000,101.361
668.000000,119.302
669.000000,175.165
670.000000,291.868
671.000000,238.174
672.000000,159.274
673.000000,126.734
674.000000,149.992
675.000000,154.499
676.000000,145.013
677.000000,138.827
678.000000,141.237
679.000000,152.264
680.000000,148.092
681.000000,136.882
682.000000,131.233
683.000000,125.257
684.000000,123.037
685.000000,124.956
686.000000,131.028
687.000000,129.218
688.000000,122.663
689.000000,132.278
690.000000,154.887
691.000000,174.378
692.000000,211.161
693.000000,258.622
694.000000,194.044
695.000000,169.412
696.000000,188.678
697.000000,169.695
698.000000,144.58
699.000000,135.167
700.000000,145.915
701.000000,191.084
702.000000,246.166
703.000000,306.488
704.000000,400.856
705.000000,299.625
706.000000,260.695
707.000000,309.841
708.000000,267.842
709.000000,228.082
710.000000,202.848
711.000000,185.738
712.000000,187.829
713.000000,190.396
714.000000,182.134
715.000000,174.26
716.000000,176.514
717.000000,176.354
718.000000,165.79
719.000000,153.897
720.000000,156.456
721.000000,148.982
722.000000,140.503
723.000000,148.498
724.000000,152.259
725.000000,156.041
726.000000,155.198
727.000000,141.187
728.000000,140.369
729.000000,146.143
730.000000,138.022
731.000000,133.808
732.000000,130.832
733.000000,130.038
734.000000,124.017
735.000000,106.88
736.000000,94.772
737.000000,113.592
738.000000,140.834
739.000000,153.837
740.000000,163.258
741.000000,222.774
742.000000,280.177
743.000000,284.005
744.000000,242.728
745.000000,223.343
746.000000,246.459
747.000000,241.07
748.000000,249.316
749.000000,241.482
750.000000,221.565
751.000000,198.281
752.000000,156.27
753.000000,137.862
754.000000,134.791
755.000000,136.206
756.000000,145.852
757.000000,171
758.000000,208.517
759.000000,231.35
760.000000,204.888
761.000000,193.845
762.000000,203.242
763.000000,238.495
764.000000,269.859
765.000000,271.533
766.000000,229.587
767.000000,204.946
768.000000,202.91
769.000000,199.754
770.000000,190.52
771.000000,185.991
772.000000,187.297
773.000000,178.354
774.000000,162.24
775.000000,159.296
776.000000,155.979
777.000000,173.094
778.000000,192.21
779.000000,180.687
780.000000,196.874
781.000000,203.407
782.000000,186.426
783.000000,178.209
784.000000,170.77
785.000000,166.612
786.000000,171.056
787.000000,163.809
788.000000,159.128
789.000000,156.478
790.000000,152.91
791.000000,156.109
792.000000,195.999
793.000000,240.858
794.000000,304.984
795.000000,334.412
796.000000,270.661
797.000000,245.543
798.000000,270.972
799.000000,256.367
800.000000,235.177
801.000000,216.035
802.000000,211.232
803.000000,231.213
804.000000,250.166
805.000000,273.945
806.000000,300.459
807.000000,344.227
808.000000,369.827
809.000000,316.956
810.000000,277.938
811.000000,270.713
812.000000,334.013
813.000000,319.434
814.000000,275.285
815.000000,248.919
816.000000,234.949
817.000000,229.331
818.000000,233.979
819.000000,244.093
820.000000,265.063
821.000000,309.897
822.000000,343.025
823.000000,408.835
824.000000,525.334
825.000000,700.414
826.000000,764.437
827.000000,847.055
828.000000,1170.701
829.000000,942.006
830.000000,934.131
831.000000,833.264
832.000000,755.167
833.000000,755.015
834.000000,737.882
835.000000,757.235
836.000000,749.289
837.000000,684.168
838.000000,637.918
839.000000,603.906
840.000000,587.781
841.000000,594.227
842.000000,686.832
843.000000,708.791
844.000000,674.031
845.000000,636.425
846.000000,610.444
847.000000,604.348
848.000000,622.403
849.000000,664.472
850.000000,726.355
851.000000,882.159
852.000000,893.405
853.000000,758.79
854.000000,705.475
855.000000,698.725
856.000000,706.783
857.000000,731.87
858.000000,812.693
859.000000,963.998
860.000000,1132.24
861.000000,1277.986
862.000000,1388.647
863.000000,1460.155
864.000000,1479.385
865.000000,1623.798
866.000000,1739.973
867.000000,1478.271
868.000000,1184.13
869.000000,1049.396
870.000000,1002.06
871.000000,922.853
872.000000,837.678
873.000000,825.12
874.000000,875.145
875.000000,832.152
876.000000,713.66
877.000000,655.004
878.000000,613.484
879.000000,614.288
880.000000,635.537
881.000000,668.52
882.000000,723.413
883.000000,702.331
884.000000,687.746
885.000000,655.703
886.000000,635.853
887.000000,611.567
888.000000,586.389
889.000000,609.333
890.000000,680.89
891.000000,746.651
892.000000,809.611
893.000000,789.254
894.000000,735.514
895.000000,686.086
896.000000,622.305
897.000000,608.388
898.000000,542.941
899.000000,469.581
900.000000,444.493
901.000000,455.769
902.000000,503.737
903.000000,622.555
904.000000,592.144
905.000000,534.949
906.000000,432.142
907.000000,386.874
908.000000,416.918
909.000000,433.269
910.000000,428.971
911.000000,396.174
912.000000,365.488
913.000000,357.982
914.000000,377.528
915.000000,405.769
916.000000,475.598
917.000000,504.712
918.000000,497.219
919.000000,486.265
920.000000,419.973
921.000000,389.116
922.000000,384.71
923.000000,379.841
924.000000,376.472
925.000000,410.202
926.000000,423.455
927.000000,382.175
928.000000,361.037
929.000000,376.409
930.000000,370.105
931.000000,358.338
932.000000,349.164
933.000000,337.914
934.000000,347.701
935.000000,349.45
936.000000,374.75
937.000000,369.421
938.000000,366.301
939.000000,361.13
940.000000,340.909
941.000000,341.377
942.000000,364.373
943.000000,339.03
944.000000,325.563
945.000000,324.673
946.000000,340.21
947.000000,352.791
948.000000,343.963
949.000000,333.252
950.000000,333.12
951.000000,337.077
952.000000,337.097
953.000000,327.293
954.000000,326.608
955.000000,331.589
956.000000,331.952
957.000000,330.449
958.000000,307.894
959.000000,279.451
960.000000,270.321
961.000000,273.682
962.000000,270.559
963.000000,265.444
964.000000,267.036
965.000000,269.16
966.000000,270.787
967.000000,248.577
968.000000,248.55
969.000000,254.656
970.000000,276.842
971.000000,283.881
972.000000,266.721
973.000000,250.636
974.000000,253.177
975.000000,252.568
976.000000,245.005
977.000000,246.889
978.000000,254.444
979.000000,251.012
980.000000,248.584
981.000000,256.26
982.000000,264.733
983.000000,259.121
984.000000,253.583
985.000000,239.621
986.000000,216.623
987.000000,202.796
988.000000,188.697
989.000000,172.398
990.000000,169.082
991.000000,170.701
992.000000,154.653
993.000000,128.068
994.000000,117.934
995.000000,108.311
996.000000,104.232
997.000000,104.135
998.000000,97.362
999.000000,92.08
1000.000000,98.932
1001.000000,117.246
1002.000000,116.325
1003.000000,114.787
1004.000000,127.389
1005.000000,149.989
1006.000000,181.813
1007.000000,151.781
1008.000000,129.883
1009.000000,119.667
1010.000000,113.166
1011.000000,108.596
1012.000000,107.861
1013.000000,102.445
1014.000000,105.768
1015.000000,108.923
1016.000000,107.24
1017.000000,106.672
1018.000000,103.685
1019.000000,99.852
1020.000000,96.047
1021.000000,96.798
1022.000000,97.914
1023.000000,95.963
1024.000000,91.705
1025.000000,91.275
1026.000000,94.18
1027.000000,91.285
1028.000000,90.144
1029.000000,88.556
1030.000000,99.889
1031.000000,108.421
1032.000000,96.333
1033.000000,90.524
1034.000000,88.327
1035.000000,87.502
1036.000000,88.986
1037.000000,93.951
1038.000000,97.433
1039.000000,104.788
1040.000000,117.382
1041.000000,109.56
1042.000000,97.353
1043.000000,102.063
1044.000000,145.257
1045.000000,154.234
1046.000000,112.783
1047.000000,105.053
1048.000000,119.461
1049.000000,117.791
1050.000000,106.588
1051.000000,117.667
1052.000000,130.48
1053.000000,126.963
1054.000000,118.495
1055.000000,122.124
1056.000000,159.61
1057.000000,173.777
1058.000000,119.221
1059.000000,89.801
1060.000000,87.144
1061.000000,96.331
1062.000000,107.357
1063.000000,116.67
1064.000000,114.833
1065.000000,110.767
1066.000000,108.983
1067.000000,144.196
1068.000000,356.496
1069.000000,390.466
1070.000000,224.564
1071.000000,124.183
1072.000000,79.927
1073.000000,65.541
1074.000000,63.818
1075.000000,87.448
1076.000000,105.596
1077.000000,123.89
1078.000000,131.878
1079.000000,127.031
1080.000000,125.175
1081.000000,126.034
1082.000000,125.664
1083.000000,123.865
1084.000000,115.426
1085.000000,112.481
1086.000000,116.691
1087.000000,110.795
1088.000000,108.316
1089.000000,118.244
1090.000000,133.515
1091.000000,141.325
1092.000000,124.809
1093.000000,116.896
1094.000000,116.367
1095.000000,119.543
1096.000000,118.547
1097.000000,117.143
1098.000000,123.304
1099.000000,128.618
1100.000000,128.545
1101.000000,136.161
1102.000000,130.058
1103.000000,112.484
1104.000000,99.568
1105.000000,112.094
1106.000000,141.637
1107.000000,143.625
1108.000000,161.484
1109.000000,202.784
1110.000000,199.917
1111.000000,188.21
1112.000000,183.631
1113.000000,158.436
1114.000000,137.377
1115.000000,130.348
1116.000000,132.324
1117.000000,133.91
1118.000000,131.505
1119.000000,117.096
1120.000000,118.765
1121.000000,123.873
1122.000000,118.658
1123.000000,112.882
1124.000000,106.664
1125.000000,119.399
1126.000000,121.176
1127.000000,124.412
1128.000000,134.552
1129.000000,137.39
1130.000000,120.223
1131.000000,119.22
1132.000000,124.795
1133.000000,105.432
1134.000000,103.753
1135.000000,153.27
1136.000000,188.998
1137.000000,177.69
1138.000000,135.725
1139.000000,136.022
1140.000000,190.914
1141.000000,249.743
1142.000000,284.841
1143.000000,257.991
1144.000000,255.814
1145.000000,260.517
1146.000000,246.631
1147.000000,275.529
1148.000000,246.738
1149.000000,194.899
1150.000000,180.538
1151.000000,173.956
1152.000000,174.54
1153.000000,194.253
1154.000000,209.122
1155.000000,212.576
1156.000000,255.994
1157.000000,309.741
1158.000000,315.732
1159.000000,372.239
1160.000000,570.976
1161.000000,762.682
1162.000000,1103.48
1163.000000,1319.481
1164.000000,1058.93
1165.000000,1046.736
1166.000000,1648.665
1167.000000,1628.984
1168.000000,1024.166
1169.000000,881.81
1170.000000,887.13
1171.000000,915.198
1172.000000,859.294
1173.000000,884.971
1174.000000,930.168
1175.000000,873.585
1176.000000,832.183
1177.000000,805.466
1178.000000,776.206
1179.000000,791.813
1180.000000,804.132
1181.000000,795.269
1182.000000,815.333
1183.000000,863.668
1184.000000,945.426
1185.000000,1163.666
1186.000000,1339.459
1187.000000,1160.714
1188.000000,1039.907
1189.000000,990.967
1190.000000,950.835
1191.000000,940.923
1192.000000,977.779
1193.000000,986.398
1194.000000,1040.639
1195.000000,1041.505
1196.000000,1129.271
1197.000000,1290.964
1198.000000,1223.702
1199.000000,1178.842
1200.000000,1180.539
1201.000000,1122.742
1202.000000,1085.833
1203.000000,1070.726
1204.000000,1022.724
1205.000000,1023.64
1206.000000,1057.438
1207.000000,908.972
1208.000000,883.417
1209.000000,912.471
1210.000000,970.532
1211.000000,973.922
1212.000000,1025.154
1213.000000,1006.999
1214.000000,1007.12
1215.000000,937.595
1216.000000,866.19
1217.000000,824.072
1218.000000,844.162
1219.000000,952.383
1220.000000,1147.293
1221.000000,1291.299
1222.000000,1299.054
1223.000000,1188.301
1224.000000,1056.721
1225.000000,934.989
1226.000000,938.629
1227.000000,1052.031
1228.000000,947.168
1229.000000,832.419
1230.000000,767.596
1231.000000,775.779
1232.000000,874.357
1233.000000,1086.046
1234.000000,1312.129
1235.000000,1427.588
1236.000000,1397.159
1237.000000,1278.895
1238.000000,1220.328
1239.000000,1309.964
1240.000000,1496.775
1241.000000,1714.968
1242.000000,1721.056
1243.000000,1603.455
1244.000000,1536.206
1245.000000,1494.625
1246.000000,1432.542
1247.000000,1281.021
1248.000000,1161.975
1249.000000,1225.037
1250.000000,1327.035
1251.000000,1336.888
1252.000000,1349.967
1253.000000,1315.619
1254.000000,1269.39
1255.000000,1194.474
1256.000000,1071.639
1257.000000,1046.534
1258.000000,1096.438
1259.000000,1100.997
1260.000000,1013.907
1261.000000,953.904
1262.000000,929.012
1263.000000,829.39
1264.000000,718.251
1265.000000,716.912
1266.000000,696.888
1267.000000,592.162
1268.000000,599.146
1269.000000,651.722
1270.000000,695.407
1271.000000,684.137
1272.000000,695.255
1273.000000,699.23
1274.000000,677.033
1275.000000,744.694
1276.000000,760.688
1277.000000,873.151
1278.000000,888.302
1279.000000,806.2
1280.000000,764.479
1281.000000,761.369
1282.000000,732.089
1283.000000,678.235
1284.000000,626.974
1285.000000,602.844
1286.000000,624.951
1287.000000,653.094
1288.000000,626.452
1289.000000,612.496
1290.000000,624.724
1291.000000,617.823
1292.000000,619.664
1293.000000,580.851
1294.000000,498.08
1295.000000,506.256
1296.000000,485.781
1297.000000,528.678
1298.000000,512.259
1299.000000,490.438
1300.000000,466.806
1301.000000,420.414
1302.000000,405.62
1303.000000,401.468
1304.000000,403.817
1305.000000,422.742
1306.000000,459.792
1307.000000,460.467
1308.000000,452.279
1309.000000,447.321
1310.000000,434.809
1311.000000,400.707
1312.000000,368.956
1313.000000,362.936
1314.000000,353.797
1315.000000,349.179
1316.000000,350.796
1317.000000,351.819
1318.000000,351.054
1319.000000,363.965
1320.000000,386.904
1321.000000,397.559
1322.000000,387.209
1323.000000,372.556
1324.000000,370.974
1325.000000,353.154
1326.000000,287.798
1327.000000,250.531
1328.000000,242.875
1329.000000,239.907
1330.000000,230.166
1331.000000,232.809
1332.000000,248.175
1333.000000,277.262
1334.000000,285.635
1335.000000,287.721
1336.000000,283.643
1337.000000,282.685
1338.000000,275.362
1339.000000,269.065
1340.000000,274.525
1341.000000,276.988
1342.000000,270.223
1343.000000,274.94
1344.000000,283.746
1345.000000,272.816
1346.000000,267.89
1347.000000,273.27
1348.000000,275.487
1349.000000,273.598
1350.000000,276.001
1351.000000,275.432
1352.000000,271.135
1353.000000,262.769
1354.000000,269.082
1355.000000,266.833
1356.000000,246.651
1357.000000,224.967
1358.000000,215.364
1359.000000,218.17
1360.000000,221.114
1361.000000,201.011
1362.000000,178.361
1363.000000,168.42
1364.000000,137.139
1365.000000,113.946
1366.000000,106.853
1367.000000,93.213
1368.000000,84.767
1369.000000,84.682
1370.000000,90.607
1371.000000,100.311
1372.000000,102.398
1373.000000,95.124
1374.000000,92.253
1375.000000,92.356
1376.000000,90.248
1377.000000,88.066
1378.000000,85.499
1379.000000,80.295
1380.000000,79.544
1381.000000,82.374
1382.000000,88.355
1383.000000,93.828
1384.000000,92.549
1385.000000,93.735
1386.000000,99.924
1387.000000,95.542
1388.000000,90.822
1389.000000,92.021
1390.000000,88.298
1391.000000,90.086
1392.000000,99.599
1393.000000,112.546
1394.000000,121.269
1395.000000,135.094
1396.000000,131.727
1397.000000,131.084
1398.000000,138.296
1399.000000,133.077
1400.000000,136.384
1401.000000,137.781
1402.000000,128.081
1403.000000,152.648
1404.000000,179.054
1405.000000,153.583
1406.000000,161.124
1407.000000,164.239
1408.000000,157.965
1409.000000,174.552
1410.000000,175.216
1411.000000,200.415
1412.000000,218.246
1413.000000,158.682
1414.000000,116.546
1415.000000,121.142
1416.000000,141.757
1417.000000,133.005
1418.000000,114.901
1419.000000,111.137
1420.000000,124.691
1421.000000,141.894
1422.000000,147.651
1423.000000,152.385
1424.000000,161.059
1425.000000,151.219
1426.000000,158.845
1427.000000,277.333
1428.000000,342.259
1429.000000,297.926
1430.000000,432.351
1431.000000,367.385
1432.000000,247.131
1433.000000,187.177
1434.000000,175.474
1435.000000,170.956
1436.000000,207.347
1437.000000,219.466
1438.000000,237.762
1439.000000,229.316
1440.000000,198.418
1441.000000,195.557
1442.000000,202.698
1443.000000,209.516
1444.000000,223.658
1445.000000,223.189
1446.000000,207.632
1447.000000,195.416
1448.000000,189.192
1449.000000,188.395
1450.000000,190.612
1451.000000,205.6
1452.000000,289.334
1453.000000,383.816
1454.000000,302.184
1455.000000,247.274
1456.000000,248.698
1457.000000,228.983
1458.000000,212.845
1459.000000,204.081
1460.000000,195.02
1461.000000,159.592
1462.000000,127.465
1463.000000,124.215
1464.000000,134.094
1465.000000,156.382
1466.000000,186.491
1467.000000,215.003
1468.000000,333.615
1469.000000,380.645
1470.000000,322.195
1471.000000,279.94
1472.000000,256.93
1473.000000,244.38
1474.000000,232.356
1475.000000,224.205
1476.000000,212.95
1477.000000,199.247
1478.000000,193.017
1479.000000,211.9
1480.000000,308.101
1481.000000,399.914
1482.000000,360.793
1483.000000,299.743
1484.000000,269.407
1485.000000,223.255
1486.000000,249.893
1487.000000,306.128
1488.000000,335.771
1489.000000,331.318
1490.000000,331.418
1491.000000,327.084
1492.000000,307.398
1493.000000,290.948
1494.000000,280.291
1495.000000,277.563
1496.000000,295.627
1497.000000,311.128
1498.000000,299.274
1499.000000,316.573
1500.000000,475.103
1501.000000,864.316
1502.000000,939.526
1503.000000,1114.039
1504.000000,1028.921
1505.000000,766.744
1506.000000,628.018
1507.000000,638.836
1508.000000,646.629
1509.000000,678.792
1510.000000,662.167
1511.000000,638.727
1512.000000,616.863
1513.000000,616.6
1514.000000,602.769
1515.000000,532.976
1516.000000,432.242
1517.000000,414.461
1518.000000,425.11
1519.000000,416.21
1520.000000,409.277
1521.000000,395.816
1522.000000,351.753
1523.000000,335.871
1524.000000,347.088
1525.000000,326.581
1526.000000,280.972
1527.000000,254.686
1528.000000,221.712
1529.000000,210.351
1530.000000,206.066
1531.000000,205.969
1532.000000,205.913
1533.000000,217.713
1534.000000,237.591
1535.000000,259.546
1536.000000,431.124
1537.000000,699.369
1538.000000,613.467
1539.000000,579.257
1540.000000,581.014
1541.000000,523.989
1542.000000,486.614
1543.000000,504.502
1544.000000,528.022
1545.000000,661.576
1546.000000,727.695
1547.000000,655.663
1548.000000,744.711
1549.000000,850.132
1550.000000,958.22
1551.000000,876.359
1552.000000,852.454
1553.000000,856.984
1554.000000,814.91
1555.000000,761.89
1556.000000,728.417
1557.000000,675.288
1558.000000,613.211
1559.000000,587
1560.000000,543.739
1561.000000,530.981
1562.000000,524.981
1563.000000,524.678
1564.000000,544.595
1565.000000,501.722
1566.000000,502.297
1567.000000,516.941
1568.000000,498.08
1569.000000,495.626
1570.000000,531.043
1571.000000,596.962
1572.000000,630.378
1573.000000,664.008
1574.000000,712.391
1575.000000,735.042
1576.000000,733.313
1577.000000,708.736
1578.000000,643.375
1579.000000,613.681
1580.000000,588.88
1581.000000,597.121
1582.000000,630.592
1583.000000,636.789
1584.000000,645.146
1585.000000,649.882
1586.000000,640.172
1587.000000,680.998
1588.000000,750.691
1589.000000,791.428
1590.000000,778.885
1591.000000,738.192
1592.000000,676.683
1593.000000,576.805
1594.000000,511.897
1595.000000,534.341
1596.000000,603.294
1597.000000,594.398
1598.000000,667.614
1599.000000,800.724
1600.000000,800.23
1601.000000,742.716
1602.000000,666.314
1603.000000,613.742
1604.000000,612.642
1605.000000,616.317
1606.000000,621.687
1607.000000,589.221
1608.000000,567.357
1609.000000,535.432
1610.000000,517.928
1611.000000,488.956
1612.000000,475.875
1613.000000,478.649
1614.000000,490.089
1615.000000,518.878
1616.000000,537.444
1617.000000,466.982
1618.000000,442.856
1619.000000,418.399
1620.000000,397.329
1621.000000,389.49
1622.000000,401.721
1623.000000,412.082
1624.000000,388.427
1625.000000,341.745
1626.000000,316.246
1627.000000,295.321
1628.000000,274.118
1629.000000,257.785
1630.000000,250.947
1631.000000,262.443
1632.000000,285.141
1633.000000,293.876
1634.000000,283.746
1635.000000,276.49
1636.000000,276.353
1637.000000,291.343
1638.000000,315.575
1639.000000,334.209
1640.000000,355.825
1641.000000,386.891
1642.000000,430.389
1643.000000,448.267
1644.000000,400.501
1645.000000,358.988
1646.000000,311.858
1647.000000,250.985
1648.000000,231.926
1649.000000,225.07
1650.000000,243.207
1651.000000,276.046
1652.000000,284.744
1653.000000,283.979
1654.000000,371.441
1655.000000,426.787
1656.000000,431.272
1657.000000,408.197
1658.000000,343.512
1659.000000,298.257
1660.000000,296.057
1661.000000,328.694
1662.000000,336.273
1663.000000,335.207
1664.000000,333.019
1665.000000,335.087
1666.000000,331.638
1667.000000,328.466
1668.000000,306.265
1669.000000,287.722
1670.000000,305.948
1671.000000,332.725
1672.000000,330.373
1673.000000,308.622
1674.000000,287.042
1675.000000,294.336
1676.000000,318.364
1677.000000,319.691
1678.000000,299.826
1679.000000,251.975
1680.000000,246.806
1681.000000,254.268
1682.000000,236.846
1683.000000,208.814
1684.000000,199.373
1685.000000,206.614
1686.000000,204.974
1687.000000,197.329
1688.000000,195.097
1689.000000,216.813
1690.000000,240.695
1691.000000,231.216
1692.000000,203.854
1693.000000,196.648
1694.000000,194.59
1695.000000,194.833
1696.000000,193.258
1697.000000,189.533
1698.000000,194.427
1699.000000,192.011
1700.000000,174.861
1701.000000,171.884
1702.000000,187.69
1703.000000,196.39
1704.000000,198.967
1705.000000,201.562
1706.000000,205.519
1707.000000,204.153
1708.000000,210.351
1709.000000,202.837
1710.000000,205.005
1711.000000,235.4
1712.000000,245.427
1713.000000,239.221
1714.000000,211.028
1715.000000,188.633
1716.000000,200.013
1717.000000,204.468
1718.000000,202.108
1719.000000,200.376
1720.000000,202.215
1721.000000,198.366
1722.000000,190.823
1723.000000,189.141
1724.000000,166.329
1725.000000,127.533
1726.000000,108.346
1727.000000,94.267
1728.000000,82.867
1729.000000,93.789
1730.000000,97.729
1731.000000,82.891
1732.000000,76.378
1733.000000,76.356
1734.000000,73.943
1735.000000,72.088
1736.000000,74.914
1737.000000,75.021
1738.000000,76.565
1739.000000,74.109
1740.000000,74.135
1741.000000,74.081
1742.000000,73.44
1743.000000,79.255
1744.000000,80.052
1745.000000,76.034
1746.000000,78.476
1747.000000,83.874
1748.000000,82.595
1749.000000,81.507
1750.000000,79.922
1751.000000,77.233
1752.000000,76.033
1753.000000,75.612
1754.000000,78.511
1755.000000,85.843
1756.000000,96.58
1757.000000,93.879
1758.000000,90.616
1759.000000,89.202
1760.000000,83.821
1761.000000,83.44
1762.000000,89.47
1763.000000,87.282
1764.000000,88.462
1765.000000,100.879
1766.000000,154.981
1767.000000,257.619
1768.000000,263.755
1769.000000,180.165
1770.000000,125.542
1771.000000,112.93
1772.000000,124.035
1773.000000,122.276
1774.000000,116.582
1775.000000,120.021
1776.000000,139.158
1777.000000,136.634
1778.000000,124.56
1779.000000,120.361
1780.000000,125.734
1781.000000,130.784
1782.000000,124.249
1783.000000,128.114
1784.000000,149.418
1785.000000,160.336
1786.000000,130.817
1787.000000,123.536
1788.000000,102.144
1789.000000,90.724
1790.000000,112.892
1791.000000,127.822
1792.000000,115.6
1793.000000,86.732
1794.000000,76.683
1795.000000,75.344
1796.000000,76.604
1797.000000,82.302
1798.000000,94.626
1799.000000,104.377
1800.000000,115.072
1801.000000,124.1
1802.000000,123.707
1803.000000,141.161
1804.000000,242.471
1805.000000,367.96
1806.000000,335.556
1807.000000,245.514
1808.000000,185.271
1809.000000,156.073
1810.000000,165.152
1811.000000,169.686
1812.000000,166.391
1813.000000,153.709
1814.000000,149.356
1815.000000,154.743
1816.000000,148.982
1817.000000,161.403
1818.000000,159.615
1819.000000,154.945
1820.000000,148.989
1821.000000,141.79
1822.000000,142.087
1823.000000,132.222
1824.000000,120.751
1825.000000,125.197
1826.000000,130.074
1827.000000,124.367
