$ LITTLE GOOSE_OUTFLOW.npt based on $//LITTLE GOOSE_OUT/FLOW//1DAY/F0UMFE_EO40/ ; Units in metric!,
# From Crosswalk12_6_2017.DSS ; Julian Day 1 is 1899-12-31,
JDAY,FLOW
1.000000,823.914
2.000000,950.585
3.000000,723.082
4.000000,698.024
5.000000,865.381
6.000000,1011.297
7.000000,820.49
8.000000,622.802
9.000000,600.919
10.000000,792.151
11.000000,745.678
12.000000,797.774
13.000000,740.405
14.000000,843.083
15.000000,904.259
16.000000,1073.069
17.000000,1362.329
18.000000,2222.636
19.000000,2631.85
20.000000,2102.03
21.000000,1612.838
22.000000,1511.526
23.000000,1814.182
24.000000,1703.483
25.000000,1622.327
26.000000,1713.008
27.000000,1748.656
28.000000,1742.293
29.000000,1579.13
30.000000,1456.241
31.000000,1397.545
32.000000,1163.469
33.000000,1207.369
34.000000,1339.3
35.000000,1128.979
36.000000,1008.362
37.000000,1032.315
38.000000,1047.328
39.000000,937.785
40.000000,1167.279
41.000000,1284.032
42.000000,1121.651
43.000000,1274.405
44.000000,1122.077
45.000000,1033.458
46.000000,1025.5
47.000000,1384.849
48.000000,1605.032
49.000000,1541.338
50.000000,1433.679
51.000000,1480.901
52.000000,1373.914
53.000000,1299.618
54.000000,1323.586
55.000000,1287.374
56.000000,1294.919
57.000000,1126.841
58.000000,1208.224
59.000000,1278.303
60.000000,1126.765
61.000000,1090.805
62.000000,1466.396
63.000000,1481.733
64.000000,1416.004
65.000000,1588.214
66.000000,1509
67.000000,1424.607
68.000000,1390.184
69.000000,1435.651
70.000000,1323.157
71.000000,1531.402
72.000000,1698.425
73.000000,1670.724
74.000000,1493.254
75.000000,1383.205
76.000000,1739.843
77.000000,1805.696
78.000000,2016.158
79.000000,2124.176
80.000000,2141.802
81.000000,1973.195
82.000000,2162.789
83.000000,1996.773
84.000000,1727.143
85.000000,2077.986
86.000000,2268.11
87.000000,2202.571
88.000000,2064.477
89.000000,2039.08
90.000000,2262.017
91.000000,2898.662
92.000000,3373.977
93.000000,3516.441
94.000000,3627.947
95.000000,3351.977
96.000000,3431.114
97.000000,3588.511
98.000000,3420.295
99.000000,3209.883
100.000000,3005.974
101.000000,2913.061
102.000000,2885.156
103.000000,2835.579
104.000000,2885.114
105.000000,2808.674
106.000000,2662.895
107.000000,2633.357
108.000000,2539.272
109.000000,2574.436
110.000000,2794.972
111.000000,2866.318
112.000000,2814.989
113.000000,2862.839
114.000000,2770.274
115.000000,2713.218
116.000000,2633.542
117.000000,2614.213
118.000000,2615.681
119.000000,2590.57
120.000000,2576.844
121.000000,2463.057
122.000000,2416.084
123.000000,2402.344
124.000000,2399.987
125.000000,2364.799
126.000000,2442.064
127.000000,2428.261
128.000000,2434.328
129.000000,2613.663
130.000000,2823.901
131.000000,2926.775
132.000000,2714.288
133.000000,2929.939
134.000000,3194.13
135.000000,3699.187
136.000000,4663.58
137.000000,5425.269
138.000000,5230
139.000000,4799.478
140.000000,4302.365
141.000000,4246.149
142.000000,4296.466
143.000000,4518.376
144.000000,4792.421
145.000000,4955.676
146.000000,5010.218
147.000000,5118.423
148.000000,5164.059
149.000000,4956.24
150.000000,4561.02
151.000000,4143.764
152.000000,4052.403
153.000000,4016.487
154.000000,4109.054
155.000000,4392.495
156.000000,4317.185
157.000000,4327.134
158.000000,4369.607
159.000000,4997.194
160.000000,5491.708
161.000000,5616.19
162.000000,5238.678
163.000000,5037.25
164.000000,4918.78
165.000000,4845.65
166.000000,4896.243
167.000000,5094.994
168.000000,4985.878
169.000000,4695.296
170.000000,4395.844
171.000000,4257.056
172.000000,4191.41
173.000000,4133.855
174.000000,4417.802
175.000000,4748.644
176.000000,5024.855
177.000000,4922.531
178.000000,4601.579
179.000000,4308.886
180.000000,4220.574
181.000000,4399.597
182.000000,4559.588
183.000000,4430.234
184.000000,4158.227
185.000000,3846.346
186.000000,3837.06
187.000000,3735.784
188.000000,3648.024
189.000000,3606.305
190.000000,3391.064
191.000000,3171.501
192.000000,2920.221
193.000000,2748.75
194.000000,2670.102
195.000000,2439.539
196.000000,2453.333
197.000000,2566.045
198.000000,2395.656
199.000000,2316.768
200.000000,2285.755
201.000000,2243.343
202.000000,2174.914
203.000000,1972.823
204.000000,2003.216
205.000000,1963.513
206.000000,1902.56
207.000000,1791.548
208.000000,1720.797
209.000000,1564.476
210.000000,1618.18
211.000000,1524.772
212.000000,1530.849
213.000000,1398.463
214.000000,1378.509
215.000000,1439.022
216.000000,1492.809
217.000000,1421.256
218.000000,1323.85
219.000000,1180.128
220.000000,1106.036
221.000000,1193.37
222.000000,1237.893
223.000000,1245.362
224.000000,1190.196
225.000000,1118.264
226.000000,1053.725
227.000000,1075.965
228.000000,1082.555
229.000000,1029.163
230.000000,1137.193
231.000000,1083.732
232.000000,1029.998
233.000000,978.335
234.000000,1029.853
235.000000,1058.734
236.000000,1113.566
237.000000,1046.404
238.000000,1084.002
239.000000,1147.943
240.000000,1048.67
241.000000,964.192
242.000000,1022.961
243.000000,1019.879
244.000000,1026.669
245.000000,1017.897
246.000000,954.843
247.000000,763.457
248.000000,805.63
249.000000,883.774
250.000000,1018.878
251.000000,1060.55
252.000000,1005.807
253.000000,1092.749
254.000000,1105.408
255.000000,1154.875
256.000000,980.401
257.000000,1054.9
258.000000,1137.007
259.000000,1039.003
260.000000,1155.599
261.000000,1104.234
262.000000,1139.731
263.000000,1150.521
264.000000,1064.146
265.000000,943.462
266.000000,877.135
267.000000,897.045
268.000000,933.27
269.000000,883.289
270.000000,545.624
271.000000,792.428
272.000000,848.563
273.000000,868.937
274.000000,855.172
275.000000,904.169
276.000000,837.373
277.000000,768.388
278.000000,869.978
279.000000,850.698
280.000000,815.747
281.000000,890.032
282.000000,958.426
283.000000,976.566
284.000000,721.595
285.000000,682.433
286.000000,780.274
287.000000,736.007
288.000000,716.836
289.000000,619.256
290.000000,733.236
291.000000,785.697
292.000000,870.413
293.000000,735.662
294.000000,709.385
295.000000,650.932
296.000000,644.564
297.000000,697.383
298.000000,696.031
299.000000,685.495
300.000000,703.778
301.000000,672.389
302.000000,732.642
303.000000,563.105
304.000000,596.276
305.000000,704.634
306.000000,653.861
307.000000,702.466
308.000000,651.645
309.000000,595.396
310.000000,623.305
311.000000,695.87
312.000000,639.539
313.000000,693.865
314.000000,560.341
315.000000,702.804
316.000000,656.761
317.000000,533.73
318.000000,528.497
319.000000,621.659
320.000000,645.328
321.000000,721.941
322.000000,645.914
323.000000,557.569
324.000000,545.257
325.000000,646.731
326.000000,700.041
327.000000,698.079
328.000000,606.072
329.000000,710.168
330.000000,688.496
331.000000,620.08
332.000000,459.188
333.000000,521.826
334.000000,616.71
335.000000,621.572
336.000000,487.39
337.000000,570.596
338.000000,573.507
339.000000,455.496
340.000000,546.525
341.000000,552.286
342.000000,652.062
343.000000,687.057
344.000000,612.911
345.000000,681.194
346.000000,457.911
347.000000,377.454
348.000000,567.039
349.000000,725.235
350.000000,690.823
351.000000,422.718
352.000000,429.986
353.000000,550.051
354.000000,696.683
355.000000,557.978
356.000000,629.075
357.000000,522.174
358.000000,716.338
359.000000,547.037
360.000000,559.684
361.000000,593.305
362.000000,621.538
363.000000,662.266
364.000000,892.668
365.000000,926.796
366.000000,1012.397
367.000000,883.925
368.000000,751.085
369.000000,725.389
370.000000,816.539
371.000000,743.741
372.000000,701.483
373.000000,795.579
374.000000,619.236
375.000000,541.622
376.000000,600.095
377.000000,670.527
378.000000,665.107
379.000000,748.43
380.000000,663.198
381.000000,597.411
382.000000,437.681
383.000000,629.231
384.000000,628.03
385.000000,758.854
386.000000,856.9
387.000000,853.944
388.000000,878.712
389.000000,836.327
390.000000,852.608
391.000000,843.272
392.000000,817.144
393.000000,1023.313
394.000000,924.239
395.000000,914.35
396.000000,771.545
397.000000,832.397
398.000000,831.675
399.000000,800.785
400.000000,788.135
401.000000,975.971
402.000000,985.664
403.000000,874.343
404.000000,662.532
405.000000,758.547
406.000000,912.688
407.000000,922.442
408.000000,782.515
409.000000,739.244
410.000000,736.013
411.000000,628.905
412.000000,953.995
413.000000,784.71
414.000000,892.509
415.000000,781.579
416.000000,767.129
417.000000,797.745
418.000000,792.377
419.000000,1077.583
420.000000,1644.66
421.000000,1450.982
422.000000,1279.904
423.000000,999.513
424.000000,924.917
425.000000,986.283
426.000000,860.726
427.000000,1060.337
428.000000,1055.407
429.000000,1015.145
430.000000,965.512
431.000000,933.401
432.000000,1159.986
433.000000,1204.668
434.000000,967.433
435.000000,999.206
436.000000,989.765
437.000000,1180.326
438.000000,1162.803
439.000000,1171.347
440.000000,1437.158
441.000000,1522.38
442.000000,1949.467
443.000000,2254.738
444.000000,1952.578
445.000000,1197.368
446.000000,1677.49
447.000000,1837.66
448.000000,1966.407
449.000000,2142.956
450.000000,2057.651
451.000000,2024.777
452.000000,2287.768
453.000000,2396.236
454.000000,2432.689
455.000000,2445.823
456.000000,2723.448
457.000000,2905.451
458.000000,3442.021
459.000000,3410.286
460.000000,3074.328
461.000000,2849.284
462.000000,2679.11
463.000000,2762.307
464.000000,2720.638
465.000000,2633.382
466.000000,2557.666
467.000000,2576.785
468.000000,2589.719
469.000000,2890.734
470.000000,3118.699
471.000000,3043.873
472.000000,2840.657
473.000000,2699.4
474.000000,2666.804
475.000000,2740.998
476.000000,2872.595
477.000000,2853.775
478.000000,2968.064
479.000000,3162.579
480.000000,3415.508
481.000000,4034.784
482.000000,4524.314
483.000000,4590.883
484.000000,4869.531
485.000000,4677.061
486.000000,4140.068
487.000000,3692.287
488.000000,3635.085
489.000000,3460.445
490.000000,3333.737
491.000000,3172.871
492.000000,2937.272
493.000000,2806.369
494.000000,2611.197
495.000000,2470.571
496.000000,2531.539
497.000000,2677.846
498.000000,2659.41
499.000000,2764.61
500.000000,2683.767
501.000000,2690.49
502.000000,2824.485
503.000000,3171.322
504.000000,3401.587
505.000000,3565.155
506.000000,3318.874
507.000000,2959.452
508.000000,2750.23
509.000000,3090.62
510.000000,3484.263
511.000000,3523.665
512.000000,3054.329
513.000000,2549.117
514.000000,2368.271
515.000000,2098.608
516.000000,2096.531
517.000000,2201.676
518.000000,2247.387
519.000000,2245.108
520.000000,2480.071
521.000000,2740.705
522.000000,2856.761
523.000000,3007.388
524.000000,3263.741
525.000000,3286.635
526.000000,2709.728
527.000000,2450.039
528.000000,2491.688
529.000000,2416.931
530.000000,2372.431
531.000000,2273.316
532.000000,2564.363
533.000000,2506.542
534.000000,2444.045
535.000000,2304.578
536.000000,2421.874
537.000000,2348.366
538.000000,2428.467
539.000000,2289.197
540.000000,2313.49
541.000000,2292.094
542.000000,2416.831
543.000000,2312.858
544.000000,2332.981
545.000000,2279.639
546.000000,2182.674
547.000000,1964.381
548.000000,1834.268
549.000000,1742.251
550.000000,1723.771
551.000000,1729.278
552.000000,1618.892
553.000000,1473.742
554.000000,1474.246
555.000000,1378.57
556.000000,1414.976
557.000000,1258.001
558.000000,1266.657
559.000000,1443.932
560.000000,1439.131
561.000000,1387.574
562.000000,1291.574
563.000000,1248.436
564.000000,1171.696
565.000000,1324.809
566.000000,1291.375
567.000000,1295.099
568.000000,1204.281
569.000000,1146.818
570.000000,1072.883
571.000000,1173.344
572.000000,1038.511
573.000000,1092.07
574.000000,1044.163
575.000000,1123.991
576.000000,1162.069
577.000000,1000.365
578.000000,969.996
579.000000,944.31
580.000000,1027.427
581.000000,1020.868
582.000000,881.652
583.000000,965.201
584.000000,892.698
585.000000,878.963
586.000000,842.136
587.000000,838.033
588.000000,908.251
589.000000,752.687
590.000000,858.405
591.000000,877.587
592.000000,823.318
593.000000,768.457
594.000000,780.013
595.000000,776.92
596.000000,742.903
597.000000,768.99
598.000000,784.262
599.000000,706.055
600.000000,711.653
601.000000,736.285
602.000000,751.026
603.000000,745.825
604.000000,687.951
605.000000,714.307
606.000000,750.512
607.000000,728.229
608.000000,698.696
609.000000,634.409
610.000000,753.167
611.000000,728.246
612.000000,629.472
613.000000,597.022
614.000000,497.468
615.000000,409.154
616.000000,754.793
617.000000,879.216
618.000000,800.042
619.000000,683.67
620.000000,696.822
621.000000,720.556
622.000000,745.189
623.000000,796.027
624.000000,733.267
625.000000,620.131
626.000000,649
627.000000,575.205
628.000000,709.526
629.000000,687.432
630.000000,584.586
631.000000,603.751
632.000000,528.663
633.000000,426.917
634.000000,448.836
635.000000,593.83
636.000000,445.275
637.000000,443.874
638.000000,418.522
639.000000,432.209
640.000000,354.083
641.000000,447.389
642.000000,735.476
643.000000,486.726
644.000000,453.135
645.000000,659.956
646.000000,566.547
647.000000,473.614
648.000000,447.455
649.000000,420.25
650.000000,444.74
651.000000,507.728
652.000000,463.22
653.000000,519.449
654.000000,386.922
655.000000,395.455
656.000000,403.183
657.000000,453.353
658.000000,489.337
659.000000,587.666
660.000000,518.388
661.000000,452.656
662.000000,402.826
663.000000,525.349
664.000000,517.928
665.000000,550.845
666.000000,563.957
667.000000,482.603
668.000000,448.241
669.000000,582.166
670.000000,781.797
671.000000,733.041
672.000000,714.176
673.000000,689.236
674.000000,604.804
675.000000,595.038
676.000000,641.654
677.000000,570.674
678.000000,563.331
679.000000,586.566
680.000000,617.638
681.000000,654.983
682.000000,546.522
683.000000,422.652
684.000000,510.021
685.000000,515.701
686.000000,639.541
687.000000,688.046
688.000000,615.349
689.000000,531.357
690.000000,517.621
691.000000,625.709
692.000000,786.376
693.000000,671.808
694.000000,527.301
695.000000,554.816
696.000000,631.529
697.000000,531.553
698.000000,577.375
699.000000,625.558
700.000000,680.649
701.000000,739.976
702.000000,664.478
703.000000,796.96
704.000000,989.836
705.000000,997.572
706.000000,926.382
707.000000,1113.758
708.000000,1076.467
709.000000,1078.325
710.000000,920.555
711.000000,877.975
712.000000,774.995
713.000000,905.43
714.000000,851.459
715.000000,798.446
716.000000,928.151
717.000000,685.902
718.000000,604.417
719.000000,687.113
720.000000,786.009
721.000000,617.307
722.000000,647.473
723.000000,634.738
724.000000,815.635
725.000000,693.684
726.000000,619.722
727.000000,633.085
728.000000,662.055
729.000000,692.02
730.000000,762.733
731.000000,778.623
732.000000,645.552
733.000000,749.768
734.000000,658.175
735.000000,600.412
736.000000,765.109
737.000000,668.347
738.000000,538.308
739.000000,588.872
740.000000,551.308
741.000000,653.032
742.000000,675.638
743.000000,751.228
744.000000,703.27
745.000000,791.26
746.000000,595.597
747.000000,684.029
748.000000,803.151
749.000000,768.777
750.000000,618.478
751.000000,689.984
752.000000,639.914
753.000000,449.223
754.000000,587.141
755.000000,619.877
756.000000,597.332
757.000000,617.122
758.000000,528.481
759.000000,564.781
760.000000,597.61
761.000000,709.95
762.000000,607.984
763.000000,675.677
764.000000,729.46
765.000000,809.698
766.000000,811.881
767.000000,666.12
768.000000,791.045
769.000000,805.978
770.000000,776.487
771.000000,792.444
772.000000,824.684
773.000000,781.914
774.000000,815.791
775.000000,684.36
776.000000,693.936
777.000000,794.564
778.000000,837.785
779.000000,710.243
780.000000,756.548
781.000000,814.799
782.000000,690.601
783.000000,802.146
784.000000,733.943
785.000000,712.204
786.000000,648.259
787.000000,633.484
788.000000,638.922
789.000000,728.389
790.000000,699.904
791.000000,733.148
792.000000,602.348
793.000000,680.58
794.000000,832.279
795.000000,852.838
796.000000,917.096
797.000000,875.587
798.000000,923.172
799.000000,775.606
800.000000,744.877
801.000000,763.141
802.000000,662.176
803.000000,700.541
804.000000,860.104
805.000000,909.058
806.000000,965.429
807.000000,1038.733
808.000000,1085.335
809.000000,1007.731
810.000000,996.117
811.000000,978.945
812.000000,1154.372
813.000000,1020.053
814.000000,921.478
815.000000,1012.428
816.000000,817.903
817.000000,838.001
818.000000,857.795
819.000000,787.435
820.000000,720.041
821.000000,1034.522
822.000000,1139.745
823.000000,1180.611
824.000000,1514.803
825.000000,1718.883
826.000000,1661.886
827.000000,1868.536
828.000000,2175.611
829.000000,2084.733
830.000000,2127.566
831.000000,1888.727
832.000000,1745.753
833.000000,1741.569
834.000000,1640.509
835.000000,1738.986
836.000000,1658.037
837.000000,1532.695
838.000000,1572.816
839.000000,1368.825
840.000000,1342.293
841.000000,1360.344
842.000000,1333.816
843.000000,1475.246
844.000000,1511.492
845.000000,1504.766
846.000000,1384.416
847.000000,1293.666
848.000000,1276.819
849.000000,1445.836
850.000000,1517.119
851.000000,1726.871
852.000000,1869.204
853.000000,1763.136
854.000000,1624.323
855.000000,1505.909
856.000000,1572.828
857.000000,1573.179
858.000000,1709.304
859.000000,1897.074
860.000000,2236.006
861.000000,2458.115
862.000000,2775.563
863.000000,2984.585
864.000000,3061.959
865.000000,3324.52
866.000000,3607.86
867.000000,3647.137
868.000000,3210.705
869.000000,2821.971
870.000000,2584.933
871.000000,2524.291
872.000000,2299.986
873.000000,2143.713
874.000000,2205.947
875.000000,2086.25
876.000000,1989.114
877.000000,1866.746
878.000000,1814.968
879.000000,1719.708
880.000000,1710.43
881.000000,1753.164
882.000000,1915.526
883.000000,1994.531
884.000000,1930.867
885.000000,1886.174
886.000000,1703.211
887.000000,1710.648
888.000000,1762.464
889.000000,1766.153
890.000000,1796.84
891.000000,1939.814
892.000000,2032.499
893.000000,2037.577
894.000000,1954.69
895.000000,1830.954
896.000000,1638.035
897.000000,1607.24
898.000000,1496.494
899.000000,1351.413
900.000000,1213.707
901.000000,1236.436
902.000000,1364.217
903.000000,1433.349
904.000000,1469.337
905.000000,1460.369
906.000000,1240.104
907.000000,1156.215
908.000000,1190.067
909.000000,1274.215
910.000000,1254.306
911.000000,1252.113
912.000000,1257.083
913.000000,1296.7
914.000000,1287.112
915.000000,1323.478
916.000000,1265.917
917.000000,1252.38
918.000000,1145.064
919.000000,1161.475
920.000000,1024.66
921.000000,1084.963
922.000000,1019.103
923.000000,1015.207
924.000000,1005.672
925.000000,896.5
926.000000,931.972
927.000000,864.129
928.000000,822.966
929.000000,945.824
930.000000,910.517
931.000000,864.795
932.000000,866.131
933.000000,821.529
934.000000,863.943
935.000000,770.03
936.000000,778.043
937.000000,760.494
938.000000,755.001
939.000000,827.831
940.000000,799.744
941.000000,664.151
942.000000,744.239
943.000000,761.791
944.000000,684.566
945.000000,757.972
946.000000,744.074
947.000000,740.281
948.000000,812.436
949.000000,718.143
950.000000,740.361
951.000000,793.886
952.000000,702.454
953.000000,698.16
954.000000,703.786
955.000000,714.125
956.000000,660.547
957.000000,653.693
958.000000,705.361
959.000000,683.796
960.000000,642.565
961.000000,642.714
962.000000,640.575
963.000000,619.587
964.000000,552.786
965.000000,624.267
966.000000,566.867
967.000000,512.826
968.000000,577.796
969.000000,547.867
970.000000,591.625
971.000000,620.95
972.000000,611.039
973.000000,616.514
974.000000,623.076
975.000000,587.223
976.000000,565.633
977.000000,443.656
978.000000,438.746
979.000000,470.885
980.000000,449.019
981.000000,566.958
982.000000,713.107
983.000000,521.356
984.000000,595.824
985.000000,601.024
986.000000,732.989
987.000000,559.571
988.000000,573.179
989.000000,549.795
990.000000,534.52
991.000000,535.906
992.000000,530.239
993.000000,499.772
994.000000,411.427
995.000000,541.503
996.000000,680.315
997.000000,428.911
998.000000,347.742
999.000000,402.114
1000.000000,477.67
1001.000000,461.441
1002.000000,498.175
1003.000000,508.383
1004.000000,619.963
1005.000000,630.474
1006.000000,734.411
1007.000000,944.973
1008.000000,752.014
1009.000000,827.614
1010.000000,727.973
1011.000000,747.572
1012.000000,680.413
1013.000000,682.089
1014.000000,807.323
1015.000000,709.721
1016.000000,675.469
1017.000000,716.042
1018.000000,658.227
1019.000000,640.549
1020.000000,607.72
1021.000000,579.189
1022.000000,604.235
1023.000000,638.158
1024.000000,532.814
1025.000000,410.504
1026.000000,639.543
1027.000000,552.404
1028.000000,548.143
1029.000000,478.329
1030.000000,446.643
1031.000000,377.936
1032.000000,457.429
1033.000000,440.653
1034.000000,375.728
1035.000000,484.907
1036.000000,506.954
1037.000000,453.153
1038.000000,417.754
1039.000000,480.174
1040.000000,473.515
1041.000000,495.363
1042.000000,589.562
1043.000000,575.728
1044.000000,559.019
1045.000000,495.078
1046.000000,456.291
1047.000000,509.52
1048.000000,570.797
1049.000000,588.56
1050.000000,548.917
1051.000000,563.664
1052.000000,547.552
1053.000000,519.991
1054.000000,463.501
1055.000000,505.723
1056.000000,593.897
1057.000000,630.983
1058.000000,613.341
1059.000000,535.467
1060.000000,437.469
1061.000000,413.317
1062.000000,521.732
1063.000000,492.45
1064.000000,461.552
1065.000000,489.791
1066.000000,504.767
1067.000000,546.296
1068.000000,733.855
1069.000000,828.788
1070.000000,761.473
1071.000000,632.874
1072.000000,711.14
1073.000000,600.269
1074.000000,511.921
1075.000000,662.193
1076.000000,615.914
1077.000000,552.059
1078.000000,532.243
1079.000000,467.619
1080.000000,432.438
1081.000000,381.161
1082.000000,485.705
1083.000000,630.606
1084.000000,631.718
1085.000000,553.389
1086.000000,519.155
1087.000000,572.542
1088.000000,534.436
1089.000000,483.23
1090.000000,482.787
1091.000000,519.267
1092.000000,552.844
1093.000000,569.023
1094.000000,556.102
1095.000000,491.226
1096.000000,510.849
1097.000000,585.868
1098.000000,526.593
1099.000000,518.611
1100.000000,482.84
1101.000000,560.736
1102.000000,596.219
1103.000000,474.493
1104.000000,569.099
1105.000000,597.458
1106.000000,567.178
1107.000000,551.755
1108.000000,552.777
1109.000000,555.216
1110.000000,517.312
1111.000000,610.529
1112.000000,625.905
1113.000000,551.333
1114.000000,566.407
1115.000000,604.76
1116.000000,602.315
1117.000000,518.093
1118.000000,518.587
1119.000000,534.054
1120.000000,503.912
1121.000000,528.061
1122.000000,559.989
1123.000000,502.932
1124.000000,523.495
1125.000000,430.141
1126.000000,463.393
1127.000000,477.114
1128.000000,486.544
1129.000000,511.544
1130.000000,512.528
1131.000000,508.269
1132.000000,513.158
1133.000000,563.516
1134.000000,439.079
1135.000000,657.299
1136.000000,594.2
1137.000000,513.04
1138.000000,570.893
1139.000000,516.204
1140.000000,656.246
1141.000000,764.067
1142.000000,760.236
1143.000000,928.249
1144.000000,1024.463
1145.000000,921.851
1146.000000,886.119
1147.000000,1037.121
1148.000000,892.632
1149.000000,821.158
1150.000000,737.624
1151.000000,786.236
1152.000000,921.332
1153.000000,984.305
1154.000000,860.004
1155.000000,824.547
1156.000000,906.766
1157.000000,1074.716
1158.000000,1080.186
1159.000000,1298.674
1160.000000,1508.392
1161.000000,1848.975
1162.000000,2369.178
1163.000000,2791.788
1164.000000,2638.128
1165.000000,2565.354
1166.000000,3080.506
1167.000000,3282.779
1168.000000,3104.903
1169.000000,2648.468
1170.000000,2076.109
1171.000000,2065.573
1172.000000,2095.051
1173.000000,2048.1
1174.000000,1929.264
1175.000000,1994.945
1176.000000,1973.758
1177.000000,1631.149
1178.000000,1734.852
1179.000000,1477.469
1180.000000,1517.977
1181.000000,1457.148
1182.000000,1293.753
1183.000000,1602.796
1184.000000,1815.204
1185.000000,2182.472
1186.000000,2332.256
1187.000000,2301.505
1188.000000,1907.435
1189.000000,1856.511
1190.000000,1901.096
1191.000000,1899.03
1192.000000,1982.102
1193.000000,1993.184
1194.000000,2058.54
1195.000000,1992.16
1196.000000,2110.501
1197.000000,2229.048
1198.000000,2329.663
1199.000000,2393.734
1200.000000,2315.802
1201.000000,2372.423
1202.000000,2212.513
1203.000000,2078.674
1204.000000,2015.909
1205.000000,2094.864
1206.000000,2170.709
1207.000000,2097.748
1208.000000,2060.245
1209.000000,2131.456
1210.000000,2229.165
1211.000000,2141.48
1212.000000,2262.011
1213.000000,2328.247
1214.000000,2170.457
1215.000000,1807.12
1216.000000,2001.014
1217.000000,1866.929
1218.000000,2101.198
1219.000000,2008.56
1220.000000,2279.163
1221.000000,2608.234
1222.000000,2836.412
1223.000000,2847.947
1224.000000,2664.319
1225.000000,2466.081
1226.000000,2357.814
1227.000000,2401.222
1228.000000,2268.842
1229.000000,2175.089
1230.000000,2010.26
1231.000000,1876.97
1232.000000,1972.128
1233.000000,2258.878
1234.000000,2794.246
1235.000000,3096.139
1236.000000,3268.58
1237.000000,3352.777
1238.000000,2996.747
1239.000000,3014.258
1240.000000,3293.747
1241.000000,3798.946
1242.000000,3932.548
1243.000000,3954.667
1244.000000,3822.262
1245.000000,3769.566
1246.000000,3660.596
1247.000000,3574.306
1248.000000,3458.348
1249.000000,3291.713
1250.000000,3285.734
1251.000000,3211.526
1252.000000,3147.391
1253.000000,3151.356
1254.000000,3162.903
1255.000000,2963.544
1256.000000,2857.01
1257.000000,2847.61
1258.000000,2695.175
1259.000000,2624.191
1260.000000,2607.792
1261.000000,2391.96
1262.000000,2349.488
1263.000000,2121.988
1264.000000,1901.264
1265.000000,1878.49
1266.000000,2011.451
1267.000000,1871.422
1268.000000,1871.892
1269.000000,1747.759
1270.000000,1831.954
1271.000000,1957.725
1272.000000,1900.641
1273.000000,1761.049
1274.000000,1803.729
1275.000000,1841.648
1276.000000,1864.63
1277.000000,1971.637
1278.000000,2077.314
1279.000000,1898.839
1280.000000,1824.668
1281.000000,1804.935
1282.000000,1762.705
1283.000000,1686.132
1284.000000,1570.824
1285.000000,1530.898
1286.000000,1518.239
1287.000000,1537.983
1288.000000,1436.984
1289.000000,1398.077
1290.000000,1348.289
1291.000000,1391.406
1292.000000,1347.032
1293.000000,1289.125
1294.000000,1103.211
1295.000000,1137.885
1296.000000,989.271
1297.000000,1101.589
1298.000000,1052.836
1299.000000,1083.109
1300.000000,1056.359
1301.000000,981.532
1302.000000,943.083
1303.000000,902.077
1304.000000,793.127
1305.000000,892.741
1306.000000,974.178
1307.000000,903.67
1308.000000,1019.163
1309.000000,966.371
1310.000000,902.093
1311.000000,878.531
1312.000000,908.192
1313.000000,879.017
1314.000000,797.813
1315.000000,780.599
1316.000000,734.613
1317.000000,767.778
1318.000000,753.677
1319.000000,830.51
1320.000000,805.826
1321.000000,838.913
1322.000000,825.868
1323.000000,882.933
1324.000000,801.645
1325.000000,899.783
1326.000000,750.744
1327.000000,703.059
1328.000000,703.319
1329.000000,675.125
1330.000000,643
1331.000000,639.968
1332.000000,686.236
1333.000000,674.622
1334.000000,672.117
1335.000000,796.309
1336.000000,717.158
1337.000000,660.222
1338.000000,693.052
1339.000000,684.133
1340.000000,699.653
1341.000000,663.348
1342.000000,582.245
1343.000000,693.609
1344.000000,582.426
1345.000000,553.366
1346.000000,569.323
1347.000000,541.921
1348.000000,629.613
1349.000000,641.968
1350.000000,719.874
1351.000000,621.74
1352.000000,590.705
1353.000000,723.191
1354.000000,695.886
1355.000000,756.406
1356.000000,666.826
1357.000000,500.208
1358.000000,455.958
1359.000000,527.804
1360.000000,583.954
1361.000000,521.963
1362.000000,432.872
1363.000000,430.058
1364.000000,536.797
1365.000000,698.046
1366.000000,527.228
1367.000000,333.372
1368.000000,412.729
1369.000000,429.005
1370.000000,440.057
1371.000000,422.158
1372.000000,460.249
1373.000000,489.009
1374.000000,445.33
1375.000000,482.134
1376.000000,457.759
1377.000000,520.804
1378.000000,582.784
1379.000000,504.426
1380.000000,558.995
1381.000000,603.152
1382.000000,453.059
1383.000000,373.693
1384.000000,511.096
1385.000000,481.857
1386.000000,442.336
1387.000000,433.721
1388.000000,442.688
1389.000000,471.887
1390.000000,430.406
1391.000000,496.003
1392.000000,486.804
1393.000000,450.05
1394.000000,473.973
1395.000000,519.745
1396.000000,601.178
1397.000000,568.114
1398.000000,560.125
1399.000000,513.042
1400.000000,582.112
1401.000000,624.758
1402.000000,509.969
1403.000000,577.175
1404.000000,582.588
1405.000000,571.918
1406.000000,606.901
1407.000000,603.535
1408.000000,569.824
1409.000000,520.585
1410.000000,666.829
1411.000000,567.908
1412.000000,616.265
1413.000000,568.739
1414.000000,605.514
1415.000000,550.574
1416.000000,589.634
1417.000000,550.299
1418.000000,523.525
1419.000000,464.569
1420.000000,560.069
1421.000000,568.56
1422.000000,499.583
1423.000000,454.926
1424.000000,524.208
1425.000000,486.143
1426.000000,601.435
1427.000000,808.857
1428.000000,865.258
1429.000000,692.722
1430.000000,854.306
1431.000000,911.962
1432.000000,860.693
1433.000000,717.546
1434.000000,683.132
1435.000000,653.242
1436.000000,642.348
1437.000000,701.1
1438.000000,669.264
1439.000000,696.229
1440.000000,742.181
1441.000000,791.608
1442.000000,741.426
1443.000000,734.191
1444.000000,820.261
1445.000000,685.618
1446.000000,703.457
1447.000000,765.15
1448.000000,802.826
1449.000000,750.465
1450.000000,745.648
1451.000000,772.808
1452.000000,872.21
1453.000000,1151.12
1454.000000,1018.623
1455.000000,892.227
1456.000000,850.122
1457.000000,901.785
1458.000000,934.606
1459.000000,917.51
1460.000000,855.784
1461.000000,656.98
1462.000000,760.732
1463.000000,703.952
1464.000000,650.08
1465.000000,878.561
1466.000000,680.621
1467.000000,743.083
1468.000000,779.12
1469.000000,888.778
1470.000000,1020.878
1471.000000,1015.576
1472.000000,920.123
1473.000000,849.652
1474.000000,878.863
1475.000000,845.265
1476.000000,821.382
1477.000000,779.635
1478.000000,825.41
1479.000000,757.102
1480.000000,864.441
1481.000000,1052.557
1482.000000,1137.851
1483.000000,1058.191
1484.000000,1019.444
1485.000000,989.387
1486.000000,932.143
1487.000000,970.641
1488.000000,993.756
1489.000000,1006.222
1490.000000,1063.426
1491.000000,996.553
1492.000000,1053.422
1493.000000,1135.516
1494.000000,1011.029
1495.000000,1074.088
1496.000000,990.062
1497.000000,1127.13
1498.000000,984.317
1499.000000,1172.057
1500.000000,1291.242
1501.000000,1749.068
1502.000000,1859.079
1503.000000,2084.889
1504.000000,2119.563
1505.000000,2057.856
1506.000000,1683.892
1507.000000,1740.328
1508.000000,1760.752
1509.000000,1765.628
1510.000000,1714.402
1511.000000,1673.281
1512.000000,1403.269
1513.000000,1422.755
1514.000000,1389.806
1515.000000,1378.864
1516.000000,1198.496
1517.000000,1316.942
1518.000000,1163.326
1519.000000,1076.906
1520.000000,872.152
1521.000000,1066.811
1522.000000,1010.591
1523.000000,1008.122
1524.000000,867.878
1525.000000,901.427
1526.000000,902.399
1527.000000,945.964
1528.000000,892.543
1529.000000,681.6
1530.000000,768.738
1531.000000,707.797
1532.000000,745.958
1533.000000,849.822
1534.000000,878.442
1535.000000,875.481
1536.000000,939.508
1537.000000,1182.19
1538.000000,1274.477
1539.000000,1154.04
1540.000000,1342.426
1541.000000,1354.469
1542.000000,1449.698
1543.000000,1387.239
1544.000000,1269.034
1545.000000,1464.673
1546.000000,1379.071
1547.000000,1282.927
1548.000000,1521.439
1549.000000,1617.134
1550.000000,1615.563
1551.000000,1653.891
1552.000000,1706.289
1553.000000,1803.028
1554.000000,1421.805
1555.000000,1928.964
1556.000000,1867.55
1557.000000,1516.968
1558.000000,1515.678
1559.000000,1339.615
1560.000000,1253.309
1561.000000,1281.001
1562.000000,1250.7
1563.000000,1227.334
1564.000000,1232.184
1565.000000,1195.526
1566.000000,1112.633
1567.000000,1162.759
1568.000000,1163.609
1569.000000,1073.022
1570.000000,1066.537
1571.000000,1197.537
1572.000000,1250.745
1573.000000,1313.649
1574.000000,1418.637
1575.000000,1431.327
1576.000000,1551.433
1577.000000,1551.558
1578.000000,1485.577
1579.000000,1412.389
1580.000000,1314.954
1581.000000,1351.087
1582.000000,1363.951
1583.000000,1423.341
1584.000000,1499.874
1585.000000,1548.848
1586.000000,1482.616
1587.000000,1658.324
1588.000000,1671.719
1589.000000,1834.82
1590.000000,1804.12
1591.000000,1693.752
1592.000000,1608.979
1593.000000,1481.156
1594.000000,1414.929
1595.000000,1453.673
1596.000000,1540.597
1597.000000,1578.611
1598.000000,1583.949
1599.000000,1790.326
1600.000000,1950.111
1601.000000,1954.625
1602.000000,1802.682
1603.000000,1715.858
1604.000000,1810.286
1605.000000,1759.326
1606.000000,1820.508
1607.000000,1781.042
1608.000000,1805.51
1609.000000,1768.709
1610.000000,1806.739
1611.000000,1754.861
1612.000000,1693.453
1613.000000,1670.526
1614.000000,1691.279
1615.000000,1730.014
1616.000000,1803.344
1617.000000,1636.403
1618.000000,1616.769
1619.000000,1486.665
1620.000000,1357.308
1621.000000,1418.06
1622.000000,1360.113
1623.000000,1347.11
1624.000000,1328.993
1625.000000,1214.401
1626.000000,1187.786
1627.000000,1086.263
1628.000000,924.085
1629.000000,902.381
1630.000000,884.902
1631.000000,874.056
1632.000000,876.907
1633.000000,874.275
1634.000000,849.17
1635.000000,803.862
1636.000000,837.608
1637.000000,807.057
1638.000000,830.226
1639.000000,856.565
1640.000000,884.604
1641.000000,850.277
1642.000000,949.906
1643.000000,968.433
1644.000000,905.128
1645.000000,835.289
1646.000000,816.872
1647.000000,703.197
1648.000000,597.657
1649.000000,590.564
1650.000000,669.011
1651.000000,734.672
1652.000000,711.702
1653.000000,729.386
1654.000000,811.881
1655.000000,883.059
1656.000000,881.918
1657.000000,821.842
1658.000000,808.105
1659.000000,768.778
1660.000000,722.471
1661.000000,787.907
1662.000000,857.304
1663.000000,860.622
1664.000000,790.927
1665.000000,848.959
1666.000000,828.139
1667.000000,911.087
1668.000000,763.013
1669.000000,763.576
1670.000000,752.948
1671.000000,710.434
1672.000000,851.92
1673.000000,797.562
1674.000000,891.056
1675.000000,821.233
1676.000000,865.31
1677.000000,869.315
1678.000000,798.853
1679.000000,742.591
1680.000000,689.809
1681.000000,674.013
1682.000000,585.933
1683.000000,578.236
1684.000000,529.644
1685.000000,548.656
1686.000000,501.118
1687.000000,549.999
1688.000000,512.517
1689.000000,592.532
1690.000000,557.018
1691.000000,602.941
1692.000000,537.166
1693.000000,521.393
1694.000000,486.797
1695.000000,520.147
1696.000000,541.989
1697.000000,447.552
1698.000000,474.405
1699.000000,537.913
1700.000000,573.01
1701.000000,473.745
1702.000000,458.623
1703.000000,544.708
1704.000000,551.171
1705.000000,529.434
1706.000000,494.189
1707.000000,505.449
1708.000000,491.213
1709.000000,373.546
1710.000000,427.621
1711.000000,471.016
1712.000000,592.451
1713.000000,505.361
1714.000000,521.786
1715.000000,566.891
1716.000000,547.482
1717.000000,494.449
1718.000000,550.327
1719.000000,516.198
1720.000000,573.186
1721.000000,598.595
1722.000000,708.987
1723.000000,716.41
1724.000000,597.116
1725.000000,614.56
1726.000000,479.33
1727.000000,518.565
1728.000000,570.182
1729.000000,516.256
1730.000000,491.22
1731.000000,499.455
1732.000000,377.42
1733.000000,353.067
1734.000000,362.992
1735.000000,381.354
1736.000000,457.575
1737.000000,456.575
1738.000000,432.141
1739.000000,386.346
1740.000000,389.055
1741.000000,448.083
1742.000000,468.669
1743.000000,488.684
1744.000000,521.824
1745.000000,508.32
1746.000000,464.572
1747.000000,409.54
1748.000000,364.754
1749.000000,419.296
1750.000000,472.279
1751.000000,532.838
1752.000000,363.153
1753.000000,363.122
1754.000000,369.298
1755.000000,387.702
1756.000000,463.785
1757.000000,487.105
1758.000000,441.879
1759.000000,468.907
1760.000000,431.957
1761.000000,482.102
1762.000000,495.394
1763.000000,517.637
1764.000000,419.811
1765.000000,420.501
1766.000000,481.651
1767.000000,598.291
1768.000000,628.608
1769.000000,578.322
1770.000000,552.015
1771.000000,568.926
1772.000000,520.801
1773.000000,578.06
1774.000000,506.204
1775.000000,480.635
1776.000000,448.307
1777.000000,534.515
1778.000000,490.878
1779.000000,530.645
1780.000000,504.276
1781.000000,484.786
1782.000000,647.588
1783.000000,445.377
1784.000000,472.095
1785.000000,440.595
1786.000000,537.875
1787.000000,518.323
1788.000000,490.301
1789.000000,447.303
1790.000000,463.453
1791.000000,535.588
1792.000000,497.966
1793.000000,431.538
1794.000000,400.573
1795.000000,377.529
1796.000000,506.878
1797.000000,484.03
1798.000000,430.056
1799.000000,388.544
1800.000000,381.949
1801.000000,409.744
1802.000000,485.906
1803.000000,564.371
1804.000000,653.563
1805.000000,803.028
1806.000000,880.263
1807.000000,819.182
1808.000000,729.148
1809.000000,722.571
1810.000000,683.956
1811.000000,679.791
1812.000000,862.993
1813.000000,596.222
1814.000000,662.577
1815.000000,616.78
1816.000000,611.485
1817.000000,651.35
1818.000000,702.637
1819.000000,695.057
1820.000000,694.154
1821.000000,602.927
1822.000000,579.921
1823.000000,522.966
1824.000000,594.989
1825.000000,691.425
1826.000000,652.723
1827.000000,562.192
