$ CHIEF JOSEPH-POOLELEV.npt based on $//CHIEF JOSEPH-POOL/ELEV//1DAY/F0UMFE_EO40/ ; Units in metric!
# From Crosswalk12_6_2017.DSS ; Julian Day 1 is 1899-12-31
"JDAY","ELEV"
"40544.00",291.3
"40545.00",291.677
"40546.00",291.898
"40547.00",291.644
"40548.00",291.72
"40549.00",291.578
"40550.00",291.718
"40551.00",291.958
"40552.00",292.056
"40553.00",291.855
"40554.00",291.817
"40555.00",291.874
"40556.00",291.672
"40557.00",291.809
"40558.00",291.903
"40559.00",291.703
"40560.00",291.869
"40561.00",292.198
"40562.00",292.095
"40563.00",291.769
"40564.00",291.375
"40565.00",291.709
"40566.00",291.549
"40567.00",291.6
"40568.00",291.69
"40569.00",291.869
"40570.00",291.935
"40571.00",291.645
"40572.00",291.545
"40573.00",291.6
"40574.00",291.661
"40575.00",291.78
"40576.00",291.464
"40577.00",291.537
"40578.00",291.746
"40579.00",291.93
"40580.00",291.879
"40581.00",291.73
"40582.00",291.783
"40583.00",291.668
"40584.00",291.897
"40585.00",291.819
"40586.00",291.64
"40587.00",291.662
"40588.00",291.722
"40589.00",292.104
"40590.00",292.062
"40591.00",291.68
"40592.00",291.576
"40593.00",291.864
"40594.00",292.023
"40595.00",292
"40596.00",291.852
"40597.00",292.021
"40598.00",292.087
"40599.00",291.681
"40600.00",292.043
"40601.00",291.943
"40602.00",291.879
"40603.00",291.643
"40604.00",292.042
"40605.00",292.001
"40606.00",292.115
"40607.00",292.004
"40608.00",292.028
"40609.00",291.941
"40610.00",292.025
"40611.00",292.029
"40612.00",292.233
"40613.00",292.038
"40614.00",292
"40615.00",292.057
"40616.00",291.855
"40617.00",291.877
"40618.00",292.029
"40619.00",292.151
"40620.00",291.937
"40621.00",291.907
"40622.00",291.816
"40623.00",291.968
"40624.00",292.029
"40625.00",292.029
"40626.00",292.059
"40627.00",291.846
"40628.00",291.663
"40629.00",291.724
"40630.00",291.937
"40631.00",291.785
"40632.00",291.968
"40633.00",291.755
"40634.00",291.968
"40635.00",291.907
"40636.00",291.968
"40637.00",292.029
"40638.00",291.846
"40639.00",291.297
"40640.00",291.816
"40641.00",292.09
"40642.00",291.816
"40643.00",291.998
"40644.00",291.907
"40645.00",291.816
"40646.00",291.998
"40647.00",292.212
"40648.00",291.968
"40649.00",291.633
"40650.00",291.694
"40651.00",292.029
"40652.00",292.212
"40653.00",292.212
"40654.00",292.059
"40655.00",291.785
"40656.00",291.998
"40657.00",291.755
"40658.00",291.663
"40659.00",291.816
"40660.00",291.846
"40661.00",291.877
"40662.00",292.151
"40663.00",291.968
"40664.00",291.877
"40665.00",292.09
"40666.00",292.12
"40667.00",291.785
"40668.00",292.151
"40669.00",291.755
"40670.00",292.029
"40671.00",291.846
"40672.00",291.602
"40673.00",291.694
"40674.00",291.937
"40675.00",292.059
"40676.00",292.181
"40677.00",292.151
"40678.00",292.212
"40679.00",292.181
"40680.00",291.877
"40681.00",291.724
"40682.00",291.663
"40683.00",291.877
"40684.00",292.059
"40685.00",292.151
"40686.00",292.059
"40687.00",291.937
"40688.00",291.937
"40689.00",291.572
"40690.00",291.511
"40691.00",291.541
"40692.00",291.724
"40693.00",291.968
"40694.00",291.663
"40695.00",291.724
"40696.00",291.724
"40697.00",291.785
"40698.00",292.151
"40699.00",292.303
"40700.00",292.12
"40701.00",291.907
"40702.00",291.937
"40703.00",291.907
"40704.00",291.968
"40705.00",291.724
"40706.00",291.998
"40707.00",291.937
"40708.00",291.785
"40709.00",291.877
"40710.00",291.877
"40711.00",292.059
"40712.00",291.785
"40713.00",291.937
"40714.00",291.694
"40715.00",291.572
"40716.00",291.755
"40717.00",291.724
"40718.00",292.029
"40719.00",291.998
"40720.00",291.785
"40721.00",292.181
"40722.00",291.968
"40723.00",291.907
"40724.00",291.663
"40725.00",291.694
"40726.00",291.846
"40727.00",291.724
"40728.00",291.755
"40729.00",291.816
"40730.00",291.602
"40731.00",291.968
"40732.00",291.663
"40733.00",291.663
"40734.00",291.633
"40735.00",291.785
"40736.00",291.572
"40737.00",291.389
"40738.00",291.785
"40739.00",291.633
"40740.00",291.572
"40741.00",291.541
"40742.00",292.059
"40743.00",291.998
"40744.00",291.755
"40745.00",291.541
"40746.00",291.663
"40747.00",292.059
"40748.00",292.029
"40749.00",291.968
"40750.00",291.877
"40751.00",291.755
"40752.00",291.694
"40753.00",291.724
"40754.00",291.998
"40755.00",291.998
"40756.00",291.846
"40757.00",291.968
"40758.00",292.029
"40759.00",291.907
"40760.00",291.846
"40761.00",291.998
"40762.00",292.059
"40763.00",291.846
"40764.00",291.572
"40765.00",291.297
"40766.00",291.358
"40767.00",291.419
"40768.00",291.816
"40769.00",291.877
"40770.00",291.907
"40771.00",291.907
"40772.00",292.09
"40773.00",291.816
"40774.00",291.816
"40775.00",291.663
"40776.00",291.48
"40777.00",291.755
"40778.00",291.816
"40779.00",291.633
"40780.00",291.572
"40781.00",291.694
"40782.00",291.877
"40783.00",291.511
"40784.00",291.724
"40785.00",291.785
"40786.00",291.816
"40787.00",291.937
"40788.00",291.755
"40789.00",291.694
"40790.00",291.785
"40791.00",291.785
"40792.00",291.816
"40793.00",291.785
"40794.00",291.419
"40795.00",291.541
"40796.00",291.511
"40797.00",291.694
"40798.00",291.755
"40799.00",291.297
"40800.00",291.663
"40801.00",291.541
"40802.00",291.663
"40803.00",291.816
"40804.00",291.602
"40805.00",291.572
"40806.00",291.663
"40807.00",291.572
"40808.00",291.541
"40809.00",291.602
"40810.00",291.541
"40811.00",291.633
"40812.00",291.633
"40813.00",291.663
"40814.00",291.633
"40815.00",291.663
"40816.00",291.694
"40817.00",291.755
"40818.00",291.998
"40819.00",291.907
"40820.00",291.633
"40821.00",291.694
"40822.00",291.755
"40823.00",291.602
"40824.00",291.694
"40825.00",291.907
"40826.00",291.694
"40827.00",291.694
"40828.00",291.877
"40829.00",291.633
"40830.00",291.785
"40831.00",291.907
"40832.00",291.998
"40833.00",291.937
"40834.00",291.694
"40835.00",291.968
"40836.00",292.09
"40837.00",291.816
"40838.00",291.907
"40839.00",291.937
"40840.00",291.785
"40841.00",291.785
"40842.00",291.846
"40843.00",291.755
"40844.00",291.877
"40845.00",291.816
"40846.00",291.785
"40847.00",291.785
"40848.00",291.907
"40849.00",291.755
"40850.00",291.755
"40851.00",291.785
"40852.00",291.907
"40853.00",291.907
"40854.00",291.846
"40855.00",291.788
"40856.00",292.106
"40857.00",291.945
"40858.00",291.937
"40859.00",291.704
"40860.00",291.752
"40861.00",291.813
"40862.00",292.195
"40863.00",291.598
"40864.00",291.542
"40865.00",291.512
"40866.00",291.744
"40867.00",291.842
"40868.00",291.525
"40869.00",291.832
"40870.00",291.963
"40871.00",291.822
"40872.00",291.845
"40873.00",291.788
"40874.00",291.873
"40875.00",292.023
"40876.00",291.912
"40877.00",291.761
"40878.00",291.696
"40879.00",291.752
"40880.00",291.901
"40881.00",291.907
"40882.00",291.849
"40883.00",291.554
"40884.00",291.892
"40885.00",291.965
"40886.00",291.88
"40887.00",291.906
"40888.00",291.936
"40889.00",291.879
"40890.00",291.818
"40891.00",291.932
"40892.00",291.908
"40893.00",291.936
"40894.00",291.791
"40895.00",291.785
"40896.00",291.843
"40897.00",292.051
"40898.00",292.001
"40899.00",291.94
"40900.00",291.762
"40901.00",292.018
"40902.00",291.678
"40903.00",291.897
"40904.00",291.819
"40905.00",291.786
"40906.00",291.785
"40907.00",291.785
"40908.00",291.697
"40909.00",291.898
"40910.00",291.761
"40911.00",291.813
"40912.00",291.874
"40913.00",292.023
"40914.00",291.971
"40915.00",291.968
"40916.00",291.939
"40917.00",292.025
"40918.00",291.591
"40919.00",291.922
"40920.00",291.762
"40921.00",291.784
"40922.00",291.902
"40923.00",291.732
"40924.00",291.812
"40925.00",291.845
"40926.00",291.904
"40927.00",291.878
"40928.00",291.73
"40929.00",291.783
"40930.00",292.106
"40931.00",291.799
"40932.00",291.668
"40933.00",291.926
"40934.00",291.967
"40935.00",292.026
"40936.00",291.912
"40937.00",291.878
"40938.00",291.73
"40939.00",291.549
"40940.00",291.804
"40941.00",291.728
"40942.00",291.783
"40943.00",291.668
"40944.00",291.663
"40945.00",291.692
"40946.00",291.84
"40947.00",291.875
"40948.00",291.643
"40949.00",291.691
"40950.00",291.811
"40951.00",291.903
"40952.00",291.936
"40953.00",291.908
"40954.00",291.703
"40955.00",291.781
"40956.00",291.843
"40957.00",291.788
"40958.00",291.756
"40959.00",291.93
"40960.00",292.171
"40961.00",291.86
"40962.00",291.846
"40963.00",291.963
"40964.00",291.676
"40965.00",291.868
"40966.00",291.818
"40967.00",291.64
"40968.00",291.691
"40969.00",291.811
"40970.00",291.757
"40971.00",291.725
"40972.00",291.812
"40973.00",291.903
"40974.00",291.615
"40975.00",291.807
"40976.00",291.903
"40977.00",291.995
"40978.00",291.706
"40979.00",291.606
"40980.00",291.807
"40981.00",291.602
"40982.00",292.181
"40983.00",291.816
"40984.00",291.755
"40985.00",291.755
"40986.00",291.724
"40987.00",291.846
"40988.00",291.724
"40989.00",291.694
"40990.00",291.633
"40991.00",291.724
"40992.00",291.755
"40993.00",291.846
"40994.00",291.694
"40995.00",291.724
"40996.00",291.877
"40997.00",291.846
"40998.00",291.663
"40999.00",291.572
"41000.00",291.663
"41001.00",291.785
"41002.00",291.968
"41003.00",291.998
"41004.00",291.785
"41005.00",291.785
"41006.00",291.968
"41007.00",291.785
"41008.00",291.663
"41009.00",292.029
"41010.00",291.968
"41011.00",291.694
"41012.00",291.907
"41013.00",291.877
"41014.00",291.816
"41015.00",292.029
"41016.00",292.12
"41017.00",292.09
"41018.00",292.059
"41019.00",292.303
"41020.00",292.212
"41021.00",291.846
"41022.00",292.029
"41023.00",292.09
"41024.00",292.151
"41025.00",291.968
"41026.00",291.816
"41027.00",291.755
"41028.00",291.755
"41029.00",291.572
"41030.00",291.541
"41031.00",291.694
"41032.00",292.181
"41033.00",291.937
"41034.00",292.181
"41035.00",292.181
"41036.00",292.151
"41037.00",291.877
"41038.00",291.907
"41039.00",292.029
"41040.00",291.755
"41041.00",291.663
"41042.00",291.724
"41043.00",291.358
"41044.00",291.663
"41045.00",291.907
"41046.00",292.029
"41047.00",291.968
"41048.00",292.212
"41049.00",291.968
"41050.00",291.816
"41051.00",291.785
"41052.00",291.968
"41053.00",291.907
"41054.00",291.998
"41055.00",291.816
"41056.00",291.755
"41057.00",291.419
"41058.00",291.816
"41059.00",291.816
"41060.00",291.937
"41061.00",291.968
"41062.00",291.816
"41063.00",291.694
"41064.00",291.724
"41065.00",291.45
"41066.00",291.846
"41067.00",291.633
"41068.00",291.694
"41069.00",291.998
"41070.00",292.273
"41071.00",292.059
"41072.00",292.181
"41073.00",292.181
"41074.00",292.181
"41075.00",292.181
"41076.00",292.212
"41077.00",292.242
"41078.00",291.785
"41079.00",291.45
"41080.00",291.267
"41081.00",291.45
"41082.00",291.328
"41083.00",291.419
"41084.00",290.993
"41085.00",291.45
"41086.00",292.212
"41087.00",291.633
"41088.00",291.48
"41089.00",291.846
"41090.00",291.694
"41091.00",291.694
"41092.00",291.816
"41093.00",291.602
"41094.00",291.602
"41095.00",291.846
"41096.00",291.907
"41097.00",291.785
"41098.00",291.694
"41099.00",291.755
"41100.00",291.785
"41101.00",291.937
"41102.00",291.785
"41103.00",291.236
"41104.00",291.663
"41105.00",292.029
"41106.00",291.663
"41107.00",291.663
"41108.00",291.785
"41109.00",291.602
"41110.00",291.816
"41111.00",291.907
"41112.00",291.816
"41113.00",291.846
"41114.00",292.059
"41115.00",292.242
"41116.00",292.12
"41117.00",291.877
"41118.00",291.602
"41119.00",291.572
"41120.00",291.511
"41121.00",291.846
"41122.00",291.877
"41123.00",291.907
"41124.00",291.877
"41125.00",291.694
"41126.00",291.968
"41127.00",291.663
"41128.00",291.633
"41129.00",291.633
"41130.00",291.816
"41131.00",291.297
"41132.00",291.663
"41133.00",291.602
"41134.00",291.846
"41135.00",291.785
"41136.00",291.48
"41137.00",291.602
"41138.00",291.785
"41139.00",291.48
"41140.00",291.633
"41141.00",291.816
"41142.00",291.328
"41143.00",291.115
"41144.00",291.023
"41145.00",291.236
"41146.00",291.236
"41147.00",291.45
"41148.00",291.663
"41149.00",291.633
"41150.00",291.724
"41151.00",291.663
"41152.00",291.602
"41153.00",291.755
"41154.00",291.633
"41155.00",291.511
"41156.00",291.633
"41157.00",291.694
"41158.00",291.663
"41159.00",291.48
"41160.00",291.48
"41161.00",291.907
"41162.00",291.816
"41163.00",291.968
"41164.00",291.846
"41165.00",291.785
"41166.00",291.998
"41167.00",292.273
"41168.00",291.968
"41169.00",291.968
"41170.00",291.907
"41171.00",291.755
"41172.00",291.785
"41173.00",291.785
"41174.00",291.633
"41175.00",291.633
"41176.00",291.755
"41177.00",291.907
"41178.00",291.846
"41179.00",291.907
"41180.00",291.846
"41181.00",291.755
"41182.00",291.663
"41183.00",291.572
"41184.00",291.45
"41185.00",291.572
"41186.00",291.816
"41187.00",291.694
"41188.00",291.694
"41189.00",291.694
"41190.00",292.029
"41191.00",292.029
"41192.00",291.907
"41193.00",291.724
"41194.00",291.663
"41195.00",291.572
"41196.00",291.663
"41197.00",291.937
"41198.00",291.907
"41199.00",291.755
"41200.00",291.694
"41201.00",291.785
"41202.00",291.846
"41203.00",291.755
"41204.00",291.724
"41205.00",291.663
"41206.00",291.602
"41207.00",291.846
"41208.00",291.633
"41209.00",291.48
"41210.00",292.029
"41211.00",291.846
"41212.00",291.602
"41213.00",291.694
"41214.00",291.663
"41215.00",291.633
"41216.00",291.663
"41217.00",291.694
"41218.00",291.694
"41219.00",291.694
"41220.00",291.723
"41221.00",291.753
"41222.00",291.696
"41223.00",291.664
"41224.00",291.751
"41225.00",291.784
"41226.00",291.727
"41227.00",291.695
"41228.00",291.664
"41229.00",291.605
"41230.00",291.719
"41231.00",292.045
"41232.00",291.826
"41233.00",292.049
"41234.00",291.943
"41235.00",291.821
"41236.00",291.991
"41237.00",291.969
"41238.00",291.822
"41239.00",291.932
"41240.00",292.054
"41241.00",291.913
"41242.00",291.819
"41243.00",291.611
"41244.00",291.69
"41245.00",291.723
"41246.00",291.695
"41247.00",291.343
"41248.00",291.795
"41249.00",291.757
"41250.00",291.579
"41251.00",291.718
"41252.00",291.49
"41253.00",291.509
"41254.00",291.803
"41255.00",291.728
"41256.00",291.607
"41257.00",291.369
"41258.00",291.417
"41259.00",291.595
"41260.00",291.456
"41261.00",291.654
"41262.00",291.78
"41263.00",291.639
"41264.00",291.574
"41265.00",291.484
"41266.00",291.597
"41267.00",291.924
"41268.00",291.791
"41269.00",291.756
"41270.00",291.696
"41271.00",291.402
"41272.00",291.652
"41273.00",291.692
"41274.00",291.256
"41275.00",291.587
"41276.00",291.281
"41277.00",291.267
"41278.00",291.325
"41279.00",291.708
"41280.00",291.899
"41281.00",291.381
"41282.00",291.592
"41283.00",291.777
"41284.00",291.814
"41285.00",291.786
"41286.00",291.785
"41287.00",291.61
"41288.00",291.777
"41289.00",291.814
"41290.00",291.728
"41291.00",291.636
"41292.00",291.691
"41293.00",291.577
"41294.00",291.484
"41295.00",291.626
"41296.00",291.808
"41297.00",291.874
"41298.00",291.789
"41299.00",291.785
"41300.00",291.902
"41301.00",291.79
"41302.00",291.639
"41303.00",291.691
"41304.00",291.635
"41305.00",291.662
"41306.00",291.576
"41307.00",291.601
"41308.00",291.631
"41309.00",291.954
"41310.00",291.501
"41311.00",291.568
"41312.00",291.747
"41313.00",291.755
"41314.00",291.638
"41315.00",291.457
"41316.00",291.216
"41317.00",291.878
"41318.00",291.907
"41319.00",291.878
"41320.00",291.847
"41321.00",291.788
"41322.00",291.697
"41323.00",291.606
"41324.00",291.894
"41325.00",291.673
"41326.00",291.955
"41327.00",291.676
"41328.00",291.751
"41329.00",291.521
"41330.00",291.598
"41331.00",291.661
"41332.00",291.692
"41333.00",291.664
"41334.00",291.634
"41335.00",291.662
"41336.00",291.692
"41337.00",291.752
"41338.00",291.813
"41339.00",291.874
"41340.00",291.877
"41341.00",291.76
"41342.00",291.755
"41343.00",291.755
"41344.00",291.959
"41345.00",291.998
"41346.00",291.877
"41347.00",291.785
"41348.00",291.877
"41349.00",291.846
"41350.00",292.151
"41351.00",291.937
"41352.00",291.846
"41353.00",291.724
"41354.00",291.755
"41355.00",291.968
"41356.00",291.968
"41357.00",291.998
"41358.00",292.151
"41359.00",292.029
"41360.00",292.09
"41361.00",291.816
"41362.00",291.785
"41363.00",291.785
"41364.00",291.541
"41365.00",291.907
"41366.00",291.907
"41367.00",291.572
"41368.00",291.755
"41369.00",291.968
"41370.00",292.212
"41371.00",292.151
"41372.00",292.212
"41373.00",292.364
"41374.00",291.816
"41375.00",291.694
"41376.00",291.785
"41377.00",291.968
"41378.00",292.029
"41379.00",291.755
"41380.00",291.755
"41381.00",291.998
"41382.00",292.151
"41383.00",292.059
"41384.00",292.12
"41385.00",292.029
"41386.00",291.968
"41387.00",292.059
"41388.00",292.212
"41389.00",291.998
"41390.00",291.907
"41391.00",291.968
"41392.00",291.907
"41393.00",292.029
"41394.00",291.846
"41395.00",292.212
"41396.00",292.09
"41397.00",291.816
"41398.00",291.694
"41399.00",291.968
"41400.00",291.937
"41401.00",291.389
"41402.00",291.907
"41403.00",291.724
"41404.00",291.572
"41405.00",291.816
"41406.00",292.151
"41407.00",292.181
"41408.00",292.09
"41409.00",291.877
"41410.00",292.029
"41411.00",291.907
"41412.00",292.181
"41413.00",292.334
"41414.00",292.12
"41415.00",291.998
"41416.00",292.273
"41417.00",292.212
"41418.00",292.242
"41419.00",291.755
"41420.00",291.724
"41421.00",291.694
"41422.00",291.633
"41423.00",291.633
"41424.00",291.45
"41425.00",291.663
"41426.00",291.694
"41427.00",291.328
"41428.00",292.059
"41429.00",291.541
"41430.00",291.907
"41431.00",291.663
"41432.00",291.511
"41433.00",291.633
"41434.00",291.785
"41435.00",291.541
"41436.00",291.572
"41437.00",291.755
"41438.00",291.846
"41439.00",291.602
"41440.00",291.389
"41441.00",291.511
"41442.00",291.572
"41443.00",291.694
"41444.00",291.755
"41445.00",291.633
"41446.00",291.877
"41447.00",291.572
"41448.00",291.816
"41449.00",291.816
"41450.00",291.937
"41451.00",291.877
"41452.00",291.755
"41453.00",291.541
"41454.00",291.694
"41455.00",291.541
"41456.00",291.846
"41457.00",291.846
"41458.00",291.846
"41459.00",291.998
"41460.00",292.12
"41461.00",292.12
"41462.00",292.12
"41463.00",291.937
"41464.00",291.785
"41465.00",291.816
"41466.00",291.633
"41467.00",291.968
"41468.00",292.029
"41469.00",291.755
"41470.00",291.663
"41471.00",291.633
"41472.00",291.511
"41473.00",291.877
"41474.00",291.846
"41475.00",291.877
"41476.00",291.724
"41477.00",291.968
"41478.00",291.846
"41479.00",291.937
"41480.00",291.724
"41481.00",291.937
"41482.00",291.541
"41483.00",291.724
"41484.00",291.785
"41485.00",291.816
"41486.00",292.12
"41487.00",291.907
"41488.00",291.785
"41489.00",291.968
"41490.00",291.785
"41491.00",291.785
"41492.00",291.755
"41493.00",291.968
"41494.00",292.059
"41495.00",291.907
"41496.00",291.907
"41497.00",291.968
"41498.00",291.724
"41499.00",291.937
"41500.00",291.937
"41501.00",291.968
"41502.00",291.907
"41503.00",291.877
"41504.00",291.877
"41505.00",291.907
"41506.00",291.816
"41507.00",291.816
"41508.00",291.907
"41509.00",291.785
"41510.00",291.694
"41511.00",292.12
"41512.00",292.029
"41513.00",291.755
"41514.00",292.029
"41515.00",291.968
"41516.00",291.907
"41517.00",291.755
"41518.00",291.633
"41519.00",291.602
"41520.00",291.785
"41521.00",291.755
"41522.00",291.389
"41523.00",291.602
"41524.00",291.877
"41525.00",292.09
"41526.00",291.998
"41527.00",291.877
"41528.00",291.572
"41529.00",291.328
"41530.00",291.48
"41531.00",291.419
"41532.00",291.816
"41533.00",291.572
"41534.00",291.633
"41535.00",291.541
"41536.00",291.541
"41537.00",291.541
"41538.00",291.877
"41539.00",291.998
"41540.00",292.029
"41541.00",292.029
"41542.00",292.181
"41543.00",292.059
"41544.00",291.937
"41545.00",291.694
"41546.00",291.755
"41547.00",291.846
"41548.00",291.785
"41549.00",291.694
"41550.00",291.694
"41551.00",291.816
"41552.00",291.755
"41553.00",291.633
"41554.00",291.785
"41555.00",291.541
"41556.00",291.937
"41557.00",291.907
"41558.00",291.816
"41559.00",291.846
"41560.00",291.602
"41561.00",291.755
"41562.00",291.755
"41563.00",291.846
"41564.00",291.785
"41565.00",291.663
"41566.00",291.602
"41567.00",291.816
"41568.00",291.602
"41569.00",291.755
"41570.00",291.816
"41571.00",291.907
"41572.00",291.877
"41573.00",291.907
"41574.00",291.846
"41575.00",291.785
"41576.00",291.633
"41577.00",291.846
"41578.00",291.724
"41579.00",291.998
"41580.00",292.151
"41581.00",292.334
"41582.00",291.937
"41583.00",291.382
"41584.00",291.738
"41585.00",291.725
"41586.00",292.075
"41587.00",292.002
"41588.00",291.736
"41589.00",291.783
"41590.00",291.668
"41591.00",291.838
"41592.00",292.051
"41593.00",292.03
"41594.00",291.766
"41595.00",291.842
"41596.00",292.051
"41597.00",292.089
"41598.00",292.002
"41599.00",292.115
"41600.00",291.887
"41601.00",291.935
"41602.00",292.054
"41603.00",291.797
"41604.00",292.019
"41605.00",292.117
"41606.00",291.945
"41607.00",291.762
"41608.00",291.901
"41609.00",292.053
"41610.00",292.001
"41611.00",291.94
"41612.00",291.821
"41613.00",292.02
"41614.00",292.029
"41615.00",291.708
"41616.00",292.132
"41617.00",291.625
"41618.00",291.661
"41619.00",292.131
"41620.00",292.122
"41621.00",292.296
"41622.00",292.07
"41623.00",292.059
"41624.00",291.943
"41625.00",291.791
"41626.00",291.814
"41627.00",291.874
"41628.00",291.73
"41629.00",291.987
"41630.00",291.823
"41631.00",291.962
"41632.00",291.88
"41633.00",291.672
"41634.00",291.955
"41635.00",291.91
"41636.00",292.053
"41637.00",292.059
"41638.00",292.147
"41639.00",292.034
"41640.00",292.058
"41641.00",292.059
"41642.00",291.884
"41643.00",291.993
"41644.00",291.706
"41645.00",291.898
"41646.00",291.878
"41647.00",291.847
"41648.00",291.934
"41649.00",291.879
"41650.00",291.789
"41651.00",291.756
"41652.00",291.93
"41653.00",291.908
"41654.00",292.082
"41655.00",292.178
"41656.00",291.889
"41657.00",291.877
"41658.00",291.906
"41659.00",291.819
"41660.00",292.02
"41661.00",291.824
"41662.00",291.845
"41663.00",291.992
"41664.00",291.911
"41665.00",292.024
"41666.00",291.912
"41667.00",291.936
"41668.00",291.762
"41669.00",291.959
"41670.00",291.88
"41671.00",291.789
"41672.00",291.697
"41673.00",291.577
"41674.00",291.572
"41675.00",291.689
"41676.00",291.781
"41677.00",291.464
"41678.00",291.771
"41679.00",291.902
"41680.00",291.703
"41681.00",291.811
"41682.00",291.874
"41683.00",291.877
"41684.00",291.877
"41685.00",291.935
"41686.00",291.733
"41687.00",292.045
"41688.00",291.943
"41689.00",291.908
"41690.00",291.79
"41691.00",291.785
"41692.00",291.668
"41693.00",291.546
"41694.00",291.892
"41695.00",292.228
"41696.00",292.213
"41697.00",292.066
"41698.00",291.826
"41699.00",291.874
"41700.00",291.818
"41701.00",291.903
"41702.00",291.849
"41703.00",292.051
"41704.00",292.03
"41705.00",291.708
"41706.00",291.752
"41707.00",291.755
"41708.00",291.784
"41709.00",291.633
"41710.00",291.846
"41711.00",291.785
"41712.00",291.724
"41713.00",291.937
"41714.00",291.419
"41715.00",291.907
"41716.00",291.846
"41717.00",291.755
"41718.00",291.785
"41719.00",291.816
"41720.00",291.785
"41721.00",291.724
"41722.00",291.694
"41723.00",291.907
"41724.00",292.12
"41725.00",291.724
"41726.00",291.419
"41727.00",292.029
"41728.00",292.09
"41729.00",291.694
"41730.00",291.755
"41731.00",291.846
"41732.00",291.998
"41733.00",292.151
"41734.00",292.12
"41735.00",291.816
"41736.00",291.816
"41737.00",291.998
"41738.00",291.816
"41739.00",291.937
"41740.00",292.029
"41741.00",291.937
"41742.00",292.059
"41743.00",292.12
"41744.00",292.395
"41745.00",292.029
"41746.00",292.059
"41747.00",292.09
"41748.00",292.029
"41749.00",292.12
"41750.00",291.785
"41751.00",292.181
"41752.00",292.242
"41753.00",292.273
"41754.00",291.998
"41755.00",292.12
"41756.00",292.212
"41757.00",291.998
"41758.00",291.937
"41759.00",291.846
"41760.00",292.059
"41761.00",291.937
"41762.00",291.846
"41763.00",291.816
"41764.00",291.572
"41765.00",291.724
"41766.00",291.968
"41767.00",292.059
"41768.00",291.907
"41769.00",291.694
"41770.00",291.877
"41771.00",291.907
"41772.00",291.663
"41773.00",291.663
"41774.00",291.541
"41775.00",291.816
"41776.00",291.816
"41777.00",292.242
"41778.00",292.242
"41779.00",291.937
"41780.00",291.785
"41781.00",291.663
"41782.00",291.907
"41783.00",292.12
"41784.00",292.12
"41785.00",291.907
"41786.00",291.694
"41787.00",291.785
"41788.00",291.937
"41789.00",291.877
"41790.00",291.663
"41791.00",291.724
"41792.00",292.029
"41793.00",291.785
"41794.00",291.937
"41795.00",291.937
"41796.00",291.816
"41797.00",291.724
"41798.00",291.877
"41799.00",291.907
"41800.00",291.998
"41801.00",292.151
"41802.00",291.937
"41803.00",291.846
"41804.00",291.785
"41805.00",291.724
"41806.00",291.846
"41807.00",291.877
"41808.00",291.968
"41809.00",291.907
"41810.00",291.937
"41811.00",291.846
"41812.00",292.212
"41813.00",291.998
"41814.00",291.907
"41815.00",291.48
"41816.00",291.846
"41817.00",291.755
"41818.00",291.694
"41819.00",291.877
"41820.00",292.242
"41821.00",292.181
"41822.00",292.059
"41823.00",291.907
"41824.00",291.846
"41825.00",292.059
"41826.00",291.846
"41827.00",291.694
"41828.00",291.785
"41829.00",291.755
"41830.00",291.846
"41831.00",291.785
"41832.00",292.12
"41833.00",292.181
"41834.00",291.998
"41835.00",292.12
"41836.00",291.937
"41837.00",291.694
"41838.00",291.846
"41839.00",291.907
"41840.00",291.877
"41841.00",291.755
"41842.00",291.602
"41843.00",291.785
"41844.00",291.48
"41845.00",291.602
"41846.00",292.059
"41847.00",291.602
"41848.00",291.785
"41849.00",291.907
"41850.00",291.694
"41851.00",291.877
"41852.00",291.907
"41853.00",291.816
"41854.00",291.968
"41855.00",291.846
"41856.00",291.816
"41857.00",291.755
"41858.00",291.724
"41859.00",291.633
"41860.00",291.724
"41861.00",291.877
"41862.00",291.846
"41863.00",291.511
"41864.00",291.511
"41865.00",291.633
"41866.00",291.755
"41867.00",291.724
"41868.00",291.755
"41869.00",291.785
"41870.00",291.755
"41871.00",291.907
"41872.00",291.694
"41873.00",291.907
"41874.00",292.151
"41875.00",291.877
"41876.00",291.755
"41877.00",291.755
"41878.00",291.541
"41879.00",291.572
"41880.00",291.541
"41881.00",291.663
"41882.00",291.602
"41883.00",291.755
"41884.00",291.602
"41885.00",291.694
"41886.00",291.633
"41887.00",291.755
"41888.00",291.968
"41889.00",292.09
"41890.00",291.998
"41891.00",291.816
"41892.00",291.846
"41893.00",291.694
"41894.00",291.389
"41895.00",291.48
"41896.00",291.633
"41897.00",291.602
"41898.00",291.816
"41899.00",291.602
"41900.00",291.724
"41901.00",291.633
"41902.00",291.877
"41903.00",291.877
"41904.00",291.907
"41905.00",291.785
"41906.00",291.48
"41907.00",291.48
"41908.00",291.755
"41909.00",291.602
"41910.00",291.663
"41911.00",291.633
"41912.00",291.633
"41913.00",291.48
"41914.00",291.48
"41915.00",291.389
"41916.00",291.48
"41917.00",291.602
"41918.00",291.663
"41919.00",291.419
"41920.00",291.358
"41921.00",291.541
"41922.00",291.45
"41923.00",291.572
"41924.00",291.846
"41925.00",291.236
"41926.00",291.236
"41927.00",291.358
"41928.00",291.419
"41929.00",291.328
"41930.00",291.389
"41931.00",291.633
"41932.00",291.907
"41933.00",291.419
"41934.00",291.297
"41935.00",291.389
"41936.00",291.755
"41937.00",291.846
"41938.00",291.663
"41939.00",291.633
"41940.00",291.511
"41941.00",291.572
"41942.00",291.633
"41943.00",291.633
"41944.00",291.633
"41945.00",291.45
"41946.00",291.511
"41947.00",291.628
"41948.00",291.311
"41949.00",291.473
"41950.00",291.597
"41951.00",291.369
"41952.00",291.709
"41953.00",291.52
"41954.00",291.423
"41955.00",291.536
"41956.00",291.454
"41957.00",291.245
"41958.00",291.47
"41959.00",291.422
"41960.00",291.449
"41961.00",291.859
"41962.00",291.877
"41963.00",291.964
"41964.00",291.734
"41965.00",291.695
"41966.00",291.869
"41967.00",291.877
"41968.00",291.76
"41969.00",291.492
"41970.00",291.422
"41971.00",291.419
"41972.00",291.741
"41973.00",291.725
"41974.00",291.49
"41975.00",291.656
"41976.00",291.751
"41977.00",291.579
"41978.00",291.572
"41979.00",291.455
"41980.00",291.391
"41981.00",291.301
"41982.00",291.619
"41983.00",291.545
"41984.00",291.687
"41985.00",291.723
"41986.00",291.783
"41987.00",291.931
"41988.00",291.967
"41989.00",291.734
"41990.00",291.929
"41991.00",292.084
"41992.00",292.031
"41993.00",292.029
"41994.00",291.971
"41995.00",291.91
"41996.00",291.819
"41997.00",291.64
"41998.00",291.72
"41999.00",291.666
"42000.00",291.809
"42001.00",291.786
"42002.00",291.814
"42003.00",291.874
"42004.00",291.877
"42005.00",291.701
"42006.00",291.84
"42007.00",291.875
"42008.00",291.847
"42009.00",291.642
"42010.00",291.662
"42011.00",291.751
"42012.00",291.463
"42013.00",291.625
"42014.00",291.779
"42015.00",291.727
"42016.00",291.783
"42017.00",291.697
"42018.00",291.518
"42019.00",291.832
"42020.00",291.963
"42021.00",291.617
"42022.00",291.69
"42023.00",291.723
"42024.00",291.812
"42025.00",291.611
"42026.00",291.69
"42027.00",291.84
"42028.00",291.525
"42029.00",291.715
"42030.00",291.695
"42031.00",291.811
"42032.00",292.049
"42033.00",291.913
"42034.00",291.907
"42035.00",291.907
"42036.00",291.703
"42037.00",291.898
"42038.00",291.819
"42039.00",291.728
"42040.00",291.666
"42041.00",291.897
"42042.00",291.703
"42043.00",291.898
"42044.00",291.819
"42045.00",291.553
"42046.00",291.717
"42047.00",291.753
"42048.00",291.579
"42049.00",291.484
"42050.00",291.626
"42051.00",291.72
"42052.00",291.636
"42053.00",291.779
"42054.00",291.873
"42055.00",292.052
"42056.00",292.176
"42057.00",292.006
"42058.00",291.969
"42059.00",291.968
"42060.00",291.851
"42061.00",291.671
"42062.00",291.663
"42063.00",291.634
"42064.00",291.662
"42065.00",291.663
"42066.00",291.838
"42067.00",291.758
"42068.00",291.784
"42069.00",292.019
"42070.00",291.708
"42071.00",291.869
"42072.00",291.789
"42073.00",291.755
"42074.00",291.45
"42075.00",291.968
"42076.00",292.303
"42077.00",292.181
"42078.00",291.846
"42079.00",291.785
"42080.00",291.846
"42081.00",291.694
"42082.00",291.755
"42083.00",291.785
"42084.00",291.358
"42085.00",291.663
"42086.00",291.816
"42087.00",291.572
"42088.00",291.816
"42089.00",291.694
"42090.00",291.358
"42091.00",291.45
"42092.00",291.998
"42093.00",291.755
"42094.00",291.877
"42095.00",291.724
"42096.00",291.724
"42097.00",292.059
"42098.00",292.029
"42099.00",291.907
"42100.00",291.816
"42101.00",291.755
"42102.00",291.846
"42103.00",291.785
"42104.00",291.511
"42105.00",291.206
"42106.00",290.871
"42107.00",290.952
"42108.00",291.033
"42109.00",291.115
"42110.00",291.755
"42111.00",291.663
"42112.00",291.602
"42113.00",291.785
"42114.00",292.059
"42115.00",291.907
"42116.00",291.816
"42117.00",291.785
"42118.00",291.816
"42119.00",291.724
"42120.00",291.724
"42121.00",291.663
"42122.00",291.877
"42123.00",292.212
"42124.00",291.907
"42125.00",291.846
"42126.00",291.816
"42127.00",291.816
"42128.00",291.968
"42129.00",291.724
"42130.00",291.633
"42131.00",292.181
"42132.00",291.968
"42133.00",292.09
"42134.00",292.12
"42135.00",291.877
"42136.00",291.755
"42137.00",292.059
"42138.00",291.907
"42139.00",292.029
"42140.00",291.724
"42141.00",291.602
"42142.00",291.755
"42143.00",291.846
"42144.00",292.09
"42145.00",291.907
"42146.00",291.877
"42147.00",291.785
"42148.00",291.663
"42149.00",291.694
"42150.00",291.968
"42151.00",291.846
"42152.00",291.541
"42153.00",291.785
"42154.00",292.212
"42155.00",291.755
"42156.00",291.877
"42157.00",291.663
"42158.00",292.151
"42159.00",292.181
"42160.00",292.151
"42161.00",291.968
"42162.00",292.029
"42163.00",291.846
"42164.00",291.541
"42165.00",292.09
"42166.00",291.785
"42167.00",291.48
"42168.00",291.45
"42169.00",291.785
"42170.00",291.877
"42171.00",291.816
"42172.00",291.846
"42173.00",291.816
"42174.00",291.633
"42175.00",291.755
"42176.00",291.907
"42177.00",291.694
"42178.00",291.755
"42179.00",291.877
"42180.00",291.755
"42181.00",291.663
"42182.00",291.541
"42183.00",291.724
"42184.00",291.755
"42185.00",291.663
"42186.00",291.755
"42187.00",291.785
"42188.00",291.877
"42189.00",291.633
"42190.00",291.846
"42191.00",291.724
"42192.00",291.663
"42193.00",291.633
"42194.00",291.633
"42195.00",291.358
"42196.00",291.511
"42197.00",291.511
"42198.00",291.572
"42199.00",291.663
"42200.00",291.45
"42201.00",291.846
"42202.00",291.45
"42203.00",291.48
"42204.00",291.511
"42205.00",291.541
"42206.00",291.358
"42207.00",291.267
"42208.00",291.358
"42209.00",291.511
"42210.00",291.785
"42211.00",291.755
"42212.00",291.419
"42213.00",291.267
"42214.00",291.297
"42215.00",291.45
"42216.00",291.572
"42217.00",291.48
"42218.00",291.633
"42219.00",291.694
"42220.00",291.358
"42221.00",291.358
"42222.00",291.694
"42223.00",291.572
"42224.00",291.267
"42225.00",291.297
"42226.00",291.236
"42227.00",291.358
"42228.00",291.297
"42229.00",291.389
"42230.00",291.937
"42231.00",291.785
"42232.00",291.663
"42233.00",291.511
"42234.00",292.029
"42235.00",291.816
"42236.00",291.511
"42237.00",291.785
"42238.00",291.816
"42239.00",291.694
"42240.00",291.328
"42241.00",291.145
"42242.00",291.572
"42243.00",291.419
"42244.00",291.663
"42245.00",291.389
"42246.00",291.45
"42247.00",291.602
"42248.00",291.511
"42249.00",291.877
"42250.00",291.877
"42251.00",291.816
"42252.00",291.572
"42253.00",291.816
"42254.00",291.663
"42255.00",291.816
"42256.00",292.059
"42257.00",291.755
"42258.00",291.816
"42259.00",291.816
"42260.00",291.724
"42261.00",291.572
"42262.00",291.724
"42263.00",291.297
"42264.00",291.694
"42265.00",291.877
"42266.00",291.846
"42267.00",291.937
"42268.00",291.724
"42269.00",291.602
"42270.00",291.541
"42271.00",291.48
"42272.00",291.755
"42273.00",291.511
"42274.00",291.633
"42275.00",291.541
"42276.00",291.45
"42277.00",291.724
"42278.00",291.511
"42279.00",291.541
"42280.00",291.633
"42281.00",291.541
"42282.00",291.663
"42283.00",291.755
"42284.00",291.48
"42285.00",291.724
"42286.00",291.45
"42287.00",291.541
"42288.00",291.755
"42289.00",291.755
"42290.00",291.633
"42291.00",291.816
"42292.00",291.694
"42293.00",291.755
"42294.00",291.907
"42295.00",292.12
"42296.00",291.937
"42297.00",291.45
"42298.00",291.267
"42299.00",291.358
"42300.00",291.511
"42301.00",291.419
"42302.00",291.45
"42303.00",291.511
"42304.00",291.389
"42305.00",291.755
"42306.00",291.358
"42307.00",291.328
"42308.00",291.633
"42309.00",291.511
"42310.00",291.267
"42311.00",291.355
"42312.00",291.329
"42313.00",291.386
"42314.00",291.476
"42315.00",291.451
"42316.00",291.333
"42317.00",291.562
"42318.00",291.28
"42319.00",291.442
"42320.00",291.391
"42321.00",291.915
"42322.00",291.937
"42323.00",291.762
"42324.00",291.667
"42325.00",291.342
"42326.00",291.386
"42327.00",291.476
"42328.00",291.86
"42329.00",291.789
"42330.00",291.551
"42331.00",291.746
"42332.00",291.667
"42333.00",291.634
"42334.00",291.545
"42335.00",291.892
"42336.00",291.819
"42337.00",291.816
"42338.00",291.757
"42339.00",291.579
"42340.00",291.572
"42341.00",291.864
"42342.00",291.818
"42343.00",291.67
"42344.00",291.897
"42345.00",291.615
"42346.00",291.485
"42347.00",291.656
"42348.00",291.576
"42349.00",291.63
"42350.00",291.633
"42351.00",291.662
"42352.00",291.809
"42353.00",291.728
"42354.00",291.812
"42355.00",291.728
"42356.00",291.695
"42357.00",291.606
"42358.00",291.748
"42359.00",291.725
"42360.00",291.636
"42361.00",291.896
"42362.00",291.907
"42363.00",291.498
"42364.00",292.006
"42365.00",292.175
"42366.00",291.831
"42367.00",291.903
"42368.00",291.878
"42369.00",291.76
"42370.00",291.55
