$ CSV Bathymetry file from Python,,,,,,,,,,,,,,,,,,,,,,,,,,,,,,,,,,,,,,,,,,,,,,,,,,,,,,,,,,,,,,,,,,,,,,,,,,,,,,,,,,,,,,,,,,,,,,,,,,,,,,,,
SEG:I,1,2,3,4,5,6,7,8,9,10,11,12,13,14,15,16,17,18,19,20,21,22,23,24,25,26,27,28,29,30,31,32,33,34,35,36,37,38,39,40,41,42,43,44,45,46,47,48,49,50,51,52,53,54,55,56,57,58,59,60,61,62,63,64,65,66,67,68,69,70,71,72,73,74,75,76,77,78,79,80,81,82,83,84,85,86,87,88,89,90,91,92,93,94,95,96,97,98,99,100,101,102,,
DLX,1200.3,1200.3,1200.3,1200.3,1200.3,1200.3,1200.3,1200.3,1200.3,1200.3,1200.3,1200.3,1200.3,1200.3,1200.3,1200.3,1200.3,1200.3,1200.3,1200.3,1200.3,1200.3,1200.3,1200.3,1200.3,1200.3,1200.3,1200.3,1200.3,1200.3,1200.3,1200.3,1200.3,1200.3,1200.3,1200.3,1200.3,1200.3,1200.3,1200.3,1200.3,1200.3,1200.3,1200.3,1200.3,1200.3,1200.3,1200.3,1200.3,1200.3,1200.3,1200.3,1200.3,1200.3,1200.3,1200.3,1200.3,1200.3,1200.3,1200.3,1200.3,1200.3,1200.3,1200.3,1200.3,1200.3,1200.3,1200.3,1200.3,1200.3,1200.3,1200.3,1200.3,1200.3,1200.3,1200.3,1200.3,1200.3,1200.3,1200.3,1200.3,1200.3,1200.3,1200.3,1200.3,1200.3,1200.3,1200.3,1200.3,1200.3,1200.3,1200.3,1200.3,1200.3,1200.3,1200.3,1200.3,1200.3,1200.3,1200.3,1200.3,1200.3,,
ELWS,81.387,81.387,81.387,81.387,81.387,81.387,81.387,81.387,81.387,81.387,81.387,81.387,81.387,81.387,81.387,81.387,81.387,81.387,81.387,81.387,81.387,81.387,81.387,81.387,81.387,81.387,81.387,81.387,81.387,81.387,81.387,81.387,81.387,81.387,81.387,81.387,81.387,81.387,81.387,81.387,81.387,81.387,81.387,81.387,81.387,81.387,81.387,81.387,81.387,81.387,81.387,81.387,81.387,81.387,81.387,81.387,81.387,81.387,81.387,81.387,81.387,81.387,81.387,81.387,81.387,81.387,81.387,81.387,81.387,81.387,81.387,81.387,81.387,81.387,81.387,81.387,81.387,81.387,81.387,81.387,81.387,81.387,81.387,81.387,81.387,81.387,81.387,81.387,81.387,81.387,81.387,81.387,81.387,81.387,81.387,81.387,81.387,81.387,81.387,81.387,81.387,81.387,,
PHIO,1.38,1.38,1.38,1.31,1.28,1.34,1.35,1.35,1.4,1.4,1.4,1.23,1.23,1.3,1.4,1.45,1.62,1.87,1.9,1.9,1.29,1.01,1.01,0.82,0.82,0.82,1.28,1.26,0.95,0.95,1,1,1.2,1.33,1.33,1.4,1.45,1.45,1.38,1.33,1.2,1.2,1.25,1.35,1.4,1.57,1.35,1.35,1,1.11,1.08,1.08,1.08,1.08,1.12,1.12,1.12,1.28,1.29,1.25,1.25,1.25,0.65,0.65,0.65,0.65,0.65,1.2,1.54,1.54,1.54,1.35,1.2,1.25,1.25,1.35,1.2,1.3,1.4,1.4,1.52,1.5,1.5,1.5,1.55,1.8,2.25,2.3,2.4,2.3,2.3,1.92,1.83,1.68,1.61,1.45,1.05,0.98,0.86,0.86,0.9,1.08,,
FRICT,0.03,0.03,0.03,0.03,0.03,0.03,0.03,0.03,0.03,0.03,0.03,0.03,0.03,0.03,0.03,0.03,0.03,0.03,0.03,0.03,0.03,0.03,0.03,0.03,0.03,0.03,0.03,0.03,0.03,0.03,0.03,0.03,0.03,0.03,0.03,0.03,0.03,0.03,0.03,0.03,0.03,0.03,0.03,0.03,0.03,0.03,0.03,0.03,0.03,0.03,0.03,0.03,0.03,0.03,0.03,0.03,0.03,0.03,0.03,0.03,0.03,0.03,0.03,0.03,0.03,0.03,0.03,0.03,0.03,0.03,0.03,0.03,0.03,0.03,0.03,0.03,0.03,0.03,0.03,0.03,0.03,0.03,0.03,0.03,0.03,0.03,0.03,0.03,0.03,0.03,0.03,0.03,0.03,0.03,0.03,0.03,0.03,0.03,0.03,0.03,0.03,0.03,,
LAYER,,,,,,,,,,,,,,,,,,,,,,,,,,,,,,,,,,,,,,,,,,,,,,,,,,,,,,,,,,,,,,,,,,,,,,,,,,,,,,,,,,,,,,,,,,,,,,,,,,,,,,,,
0.5,0,0,0,0,0,0,0,0,0,0,0,0,0,0,0,0,0,0,0,0,0,0,0,0,0,0,0,0,0,0,0,0,0,0,0,0,0,0,0,0,0,0,0,0,0,0,0,0,0,0,0,0,0,0,0,0,0,0,0,0,0,0,0,0,0,0,0,0,0,0,0,0,0,0,0,0,0,0,0,0,0,0,0,0,0,0,0,0,0,0,0,0,0,0,0,0,0,0,0,0,0,0,.,1
1,0,371.89,190.5,167.63,534.9,545.44,791.09,677.44,128.73,612.05,452.17,704.55,848.43,1038.06,968.32,793.58,885.54,689.66,1038.98,1291.24,1300.23,1378.31,1207.8,1414.69,1490.13,1440.04,1682.36,1497.02,1120.83,2700.88,4533.72,4255.6,2528.32,1890.3,1661.17,1850.78,2161.94,1636.55,1174.42,1403.1,1443.28,1794.52,1922.57,2150.97,2300.1,2301.2,2031.75,2085.97,2283.66,2497.55,1956.17,1951.06,2498.45,2593.02,2481.17,2627.77,2581.92,2517.86,2365.86,2516.64,2542.76,3085.03,2730.16,2174.7,2195.58,1798.49,1860.79,2094.95,1997.92,2017.95,1961.53,1787.24,1759.32,1624.29,1596.38,1696.93,1660.38,2346.45,2672.72,2659.88,2582.99,2501.01,2209,2451.85,2657.44,2471.28,2209.75,2147.95,2829.71,2711.19,2646.15,2309.38,2139.15,2011.29,1928.54,2008.27,1764.08,1954.79,2320.5,2201.53,1814.1,0,.,2
1,0,371.89,190.5,167.63,534.9,545.44,791.09,677.44,128.73,612.05,452.17,704.55,848.43,1038.06,968.32,793.58,885.54,689.66,1038.98,1291.24,1300.23,1378.31,1207.8,1414.69,1490.13,1440.04,1682.36,1497.02,1120.83,2700.88,4533.72,4255.6,2528.32,1890.3,1661.17,1850.78,2161.94,1636.55,1174.42,1403.1,1443.28,1794.52,1922.57,2150.97,2300.1,2301.2,2031.75,2085.97,2283.66,2497.55,1956.17,1951.06,2498.45,2593.02,2481.17,2627.77,2581.92,2517.86,2365.86,2516.64,2542.76,3085.03,2730.16,2174.7,2195.58,1798.49,1860.79,2094.95,1997.92,2017.95,1961.53,1787.24,1759.32,1624.29,1596.38,1696.93,1660.38,2346.45,2672.72,2659.88,2582.99,2501.01,2209,2451.85,2657.44,2471.28,2209.75,2147.95,2829.71,2711.19,2646.15,2309.38,2139.15,2011.29,1928.54,2008.27,1764.08,1954.79,2320.5,2201.53,1814.1,0,.,3
1,0,371.89,190.5,167.63,534.9,545.44,791.09,677.44,128.73,612.05,452.17,704.55,848.43,1038.06,968.32,793.58,885.54,689.66,1038.98,1291.24,1300.23,1378.31,1207.8,1414.69,1490.13,1440.04,1682.36,1497.02,1120.83,2700.88,4533.72,4255.6,2528.32,1890.3,1661.17,1850.78,2161.94,1636.55,1174.42,1403.1,1443.28,1794.52,1922.57,2150.97,2300.1,2301.2,2031.75,2085.97,2283.66,2497.55,1956.17,1951.06,2498.45,2593.02,2481.17,2627.77,2581.92,2517.86,2365.86,2516.64,2542.76,3085.03,2730.16,2174.7,2195.58,1798.49,1860.79,2094.95,1997.92,2017.95,1961.53,1787.24,1759.32,1624.29,1596.38,1696.93,1660.38,2346.45,2672.72,2659.88,2582.99,2501.01,2209,2451.85,2657.44,2471.28,2209.75,2147.95,2829.71,2711.19,2646.15,2309.38,2139.15,2011.29,1928.54,2008.27,1764.08,1954.79,2320.5,2201.53,1814.1,0,.,4
1,0,350.715,179.655,158.08,504.435,514.375,746.03,638.855,121.39,577.195,426.415,664.42,800.115,978.935,913.175,748.385,835.105,650.385,979.805,1217.705,1226.175,1299.815,1139.015,1334.12,1405.265,1358.02,1586.545,1411.765,1056.995,2547.055,4275.51,4013.23,2384.33,1782.635,1566.56,1745.37,2038.81,1543.345,1107.535,1323.19,1361.075,1692.315,1813.075,2028.465,2169.1,2170.14,1916.04,1967.165,2153.6,2355.305,1844.765,1839.945,2356.15,2445.345,2339.86,2478.11,2434.875,2374.46,2231.12,2373.315,2397.94,2909.33,2574.665,2050.85,2070.535,1696.055,1754.815,1975.64,1884.135,1903.025,1849.815,1685.45,1659.125,1531.785,1505.46,1600.28,1565.82,2212.815,2520.5,2508.39,2435.88,2358.575,2083.195,2312.21,2506.095,2330.535,2083.9,2025.62,2668.555,2556.78,2495.45,2177.855,2017.325,1896.74,1818.71,1893.895,1663.61,1843.455,2188.345,2076.15,1710.785,0,.,5
1,0,324.255,166.1,146.155,466.375,475.57,689.745,590.66,112.24,533.65,394.25,614.295,739.755,905.085,844.285,691.925,772.1,601.32,905.885,1125.835,1133.67,1201.755,1053.085,1233.465,1299.245,1255.57,1466.85,1305.255,977.25,2354.895,3952.95,3710.455,2204.445,1648.15,1448.37,1613.69,1884.99,1426.91,1023.98,1223.365,1258.395,1564.64,1676.29,1875.425,2005.455,2006.42,1771.485,1818.755,1991.125,2177.61,1705.59,1701.135,2178.395,2260.86,2163.33,2291.155,2251.18,2195.325,2062.795,2194.265,2217.03,2689.84,2380.425,1896.125,1914.325,1568.1,1622.425,1826.59,1741.99,1759.455,1710.255,1558.295,1533.955,1416.22,1391.88,1479.55,1447.685,2045.875,2330.345,2319.145,2252.11,2180.63,1926.025,2137.77,2317.025,2154.71,1926.68,1872.8,2467.23,2363.89,2307.18,2013.55,1865.13,1753.645,1681.5,1751.015,1538.1,1704.38,2023.25,1919.515,1581.715,0,.,6
1,0,299.79,153.57,135.13,431.195,439.69,637.715,546.095,103.765,493.39,364.5,567.95,683.94,836.8,780.585,639.725,713.855,555.95,837.54,1040.9,1048.14,1111.085,973.635,1140.41,1201.225,1160.845,1356.185,1206.78,903.52,2177.23,3654.72,3430.525,2038.135,1523.805,1339.105,1491.945,1742.78,1319.26,946.725,1131.07,1163.455,1446.595,1549.825,1733.94,1854.155,1855.045,1637.835,1681.54,1840.905,2013.325,1576.91,1572.79,2014.05,2090.295,2000.12,2118.305,2081.34,2029.7,1907.175,2028.72,2049.77,2486.905,2200.835,1753.075,1769.905,1449.8,1500.02,1688.785,1610.57,1626.715,1581.225,1440.73,1418.23,1309.375,1286.87,1367.93,1338.465,1891.52,2154.535,2144.185,2082.2,2016.12,1780.725,1976.485,2142.22,1992.15,1781.325,1731.51,2281.09,2185.545,2133.12,1861.64,1724.415,1621.34,1554.635,1618.915,1422.06,1575.795,1870.605,1774.7,1462.385,0,.,7
1,0,287.43,147.235,129.555,413.415,421.56,611.415,523.58,99.49,473.045,349.47,544.53,655.74,802.295,748.4,613.345,684.415,533.03,803.005,997.98,1004.92,1065.27,933.49,1093.39,1151.695,1112.975,1300.27,1157.02,866.265,2087.46,3504.025,3289.075,1954.095,1460.975,1283.885,1430.43,1670.92,1264.86,907.69,1084.43,1115.48,1386.95,1485.92,1662.445,1777.705,1778.56,1570.3,1612.205,1765,1930.31,1511.895,1507.945,1931.005,2004.1,1917.645,2030.955,1995.525,1946.005,1828.53,1945.07,1965.25,2384.36,2110.085,1680.79,1696.92,1390.02,1438.17,1619.15,1544.155,1559.64,1516.025,1381.32,1359.75,1255.385,1233.805,1311.525,1283.28,1813.53,2065.695,2055.77,1996.345,1932.985,1707.3,1894.99,2053.89,1910.01,1707.875,1660.11,2187.03,2095.43,2045.165,1784.88,1653.31,1554.49,1490.535,1552.155,1363.42,1510.82,1793.475,1701.525,1402.085,0,.,8
1,0,278.995,142.915,125.755,401.285,409.195,593.48,508.215,96.57,459.17,339.215,528.555,636.5,778.76,726.445,595.35,664.335,517.39,779.45,968.7,975.44,1034.02,906.105,1061.31,1117.91,1080.325,1262.115,1123.08,840.85,2026.215,3401.22,3192.575,1896.77,1418.115,1246.22,1388.465,1621.9,1227.75,881.06,1052.615,1082.75,1346.26,1442.325,1613.67,1725.545,1726.38,1524.235,1564.91,1713.215,1873.675,1467.535,1463.7,1874.35,1945.305,1861.385,1971.375,1936.975,1888.915,1774.885,1888.005,1907.59,2314.41,2048.18,1631.475,1647.14,1349.235,1395.98,1571.65,1498.855,1513.88,1471.555,1340.8,1319.855,1218.55,1197.615,1273.045,1245.63,1760.325,2005.095,1995.455,1937.775,1876.275,1657.205,1839.395,1993.63,1853.97,1657.77,1611.405,2122.87,2033.95,1985.16,1732.515,1604.805,1508.88,1446.805,1506.625,1323.42,1466.495,1740.86,1651.605,1360.95,0,.,9
1,0,268.83,137.71,121.17,386.66,394.28,571.85,489.695,93.05,442.43,326.855,509.29,613.305,750.38,699.97,573.65,640.125,498.535,751.04,933.39,939.885,996.335,873.075,1022.625,1077.165,1040.95,1216.12,1082.145,810.205,1952.37,3277.26,3076.22,1827.635,1366.43,1200.8,1337.86,1562.785,1183.005,848.945,1014.25,1043.29,1297.195,1389.76,1554.855,1662.66,1663.46,1468.68,1507.87,1650.775,1805.385,1414.05,1410.355,1806.04,1874.405,1793.55,1899.52,1866.38,1820.07,1710.2,1819.19,1838.07,2230.06,1973.53,1572.015,1587.105,1300.06,1345.1,1514.365,1444.23,1458.705,1417.92,1291.93,1271.75,1174.145,1153.965,1226.645,1200.235,1696.165,1932.015,1922.73,1867.15,1807.89,1596.81,1772.355,1920.97,1786.4,1597.345,1552.675,2045.5,1959.825,1912.81,1669.37,1546.32,1453.885,1394.075,1451.71,1275.185,1413.05,1677.41,1591.41,1311.35,0,.,10
1,0,258.39,132.36,116.465,371.645,378.97,549.64,470.68,89.435,425.25,314.16,489.515,589.485,721.24,672.79,551.38,615.27,479.175,721.875,897.15,903.395,957.645,839.175,982.92,1035.34,1000.53,1168.895,1040.125,778.74,1876.55,3150,2956.765,1756.665,1313.365,1154.17,1285.91,1502.1,1137.065,815.98,974.865,1002.78,1246.825,1335.795,1494.48,1598.095,1598.86,1411.65,1449.32,1586.675,1735.28,1359.14,1355.59,1735.905,1801.62,1723.9,1825.76,1793.91,1749.395,1643.79,1748.55,1766.695,2143.465,1896.9,1510.97,1525.475,1249.58,1292.87,1455.56,1388.145,1402.065,1362.86,1241.765,1222.37,1128.545,1109.155,1179.015,1153.625,1630.3,1856.995,1848.07,1794.65,1737.685,1534.805,1703.535,1846.38,1717.03,1535.32,1492.385,1966.07,1883.72,1838.535,1604.545,1486.275,1397.435,1339.94,1395.335,1225.675,1358.175,1612.275,1529.615,1260.43,0,.,11
1,0,245.99,126.01,110.875,301.91,265.23,454.055,448.095,85.15,404.85,299.09,466.025,561.205,686.635,640.505,524.92,585.745,456.185,687.235,854.1,860.045,911.695,798.91,935.755,985.66,952.525,1112.81,990.215,741.375,1786.51,2998.86,2814.895,1672.38,1250.35,1098.795,1224.205,1430.03,1082.505,776.83,928.09,954.665,1186.995,1271.695,1422.77,1521.415,1522.145,1343.92,1379.775,1510.545,1652.02,1293.925,1290.545,1652.615,1715.175,1641.19,1738.16,1707.83,1665.455,1564.915,1664.65,1681.93,2040.615,1805.88,1438.475,1452.28,1189.625,1230.835,1385.72,1321.54,1334.79,1297.47,1182.18,1163.715,1074.395,1055.935,1122.445,1098.275,1552.075,1767.89,1759.395,1708.54,1654.31,1461.16,1621.79,1757.785,1634.65,1461.66,1420.78,1871.735,1793.335,1750.32,1527.56,1414.955,1330.385,1275.65,1328.385,1166.86,1293.01,1534.915,1456.22,1199.95,0,.,12
1,0,227.43,116.505,102.51,0,0,109.84,414.29,78.725,102.1,276.525,430.87,518.865,634.83,592.18,485.315,541.555,421.77,635.39,789.665,795.16,842.915,738.635,865.16,911.3,880.66,1028.855,915.51,685.45,1651.735,2772.615,2602.53,1546.21,1156.02,1015.895,1131.85,1322.145,1000.84,718.225,858.075,882.64,1097.445,1175.755,1315.435,1406.635,1407.31,1242.525,1275.685,1396.585,1527.39,1196.305,1193.185,1527.94,1585.775,1517.37,1607.025,1578.99,1539.81,1446.85,1539.065,1555.035,1886.665,1669.64,1329.95,1342.715,1099.875,1137.975,1281.18,1221.84,1234.09,1199.58,1092.99,1075.925,993.34,976.27,1037.76,1015.41,1434.985,1634.51,1626.655,1579.64,1529.5,1350.925,1499.44,1625.175,1511.325,1351.38,1313.59,1730.525,1658.04,1618.27,1412.315,1308.21,1230.01,1179.405,1228.17,1078.83,1195.46,1419.115,1346.36,1109.42,0,.,13
1,0,210.275,107.715,94.78,0,0,0,383.03,72.785,0,255.665,398.36,479.72,586.935,547.505,448.705,500.7,389.945,587.455,730.09,735.175,779.32,682.91,799.885,842.55,814.225,951.235,846.44,633.735,1527.12,2563.435,2406.18,1429.56,1068.805,939.255,1046.46,1222.395,925.335,664.04,793.335,816.05,1014.655,1087.055,1216.19,1300.51,1301.135,1148.785,1179.44,1291.22,1412.155,1106.055,1103.16,1412.66,1466.14,1402.89,1485.785,1459.865,1423.635,1337.7,1422.95,1437.72,1744.325,1543.675,1229.61,1241.415,1016.895,1052.12,1184.52,1129.66,1140.985,1109.08,1010.535,994.755,918.4,902.62,959.47,938.81,1326.725,1511.2,1503.94,1460.465,1414.115,1249.01,1386.315,1502.56,1397.305,1249.43,1214.485,1599.965,1532.95,1496.18,1305.765,1209.515,1137.215,1090.43,1135.515,997.44,1105.27,1312.05,1244.78,1025.72,0,.,14
1,0,194.87,99.825,87.84,0,0,0,354.975,67.45,0,236.935,369.18,444.575,543.945,507.4,415.835,464.02,361.385,544.42,676.605,681.315,722.23,632.885,741.29,780.83,754.575,881.55,784.435,587.31,1415.25,2375.655,2229.92,1324.835,990.51,870.45,969.8,1132.845,857.55,615.395,735.225,756.275,940.325,1007.42,1127.105,1205.245,1205.82,1064.63,1093.04,1196.63,1308.71,1025.03,1022.355,1309.18,1358.74,1300.125,1376.945,1352.92,1319.35,1239.705,1318.71,1332.395,1616.545,1430.595,1139.54,1150.475,942.4,975.05,1097.75,1046.905,1057.405,1027.835,936.505,921.88,851.12,836.495,889.185,870.035,1229.535,1400.495,1393.77,1353.48,1310.52,1157.51,1284.765,1392.49,1294.945,1157.905,1125.52,1482.76,1420.655,1386.58,1210.11,1120.91,1053.91,1010.55,1052.33,924.37,1024.305,1215.935,1153.6,950.58,0,.,15
1.5,0,180.8733,92.65,81.53,0,0,0,329.47,62.6033,0,219.9167,342.66,412.64,504.8633,470.95,385.96,430.6867,335.42,505.3067,628,632.37,670.35,587.4167,688.0367,724.73,700.3667,818.2233,728.0833,545.1167,1313.58,2204.9867,2069.72,1229.66,919.35,807.9167,900.13,1051.4633,795.94,571.1867,682.4,701.9433,872.7667,935.0433,1046.1267,1118.66,1119.1967,988.1467,1014.5167,1110.6667,1214.6867,951.39,948.9033,1215.1233,1261.1233,1206.7233,1278.0267,1255.7233,1224.57,1150.6467,1223.9767,1236.68,1500.4133,1327.82,1057.6767,1067.8233,874.6967,904.9967,1018.89,971.6967,981.4367,953.9933,869.2267,855.65,789.98,776.4033,825.3067,807.5333,1141.2,1299.8833,1293.64,1256.2467,1216.3767,1074.35,1192.4633,1292.4533,1201.9133,1074.7167,1044.6667,1376.24,1318.5967,1286.9633,1123.1733,1040.3867,978.2,937.9533,976.7333,857.9633,950.7133,1128.5833,1070.72,882.2933,0,.,16
2,0,134.47,68.61,71.69,0,0,0,0,0,0,40.645,258.66,302.515,418.555,209.275,254.485,299.215,285.995,469.13,538.43,446.475,452.185,436.055,540.545,587.575,604.34,612.805,474.975,395.715,925.765,1552.765,1519,1018.03,858.755,737.755,841.415,918.01,738.335,513.055,649.925,670.61,825.135,847.13,1005.48,1021.78,1032.66,901.46,979.24,1039.32,1083.925,907.56,896.055,1007.205,1072.6,1111.71,1166.36,1197.355,1131.545,1078.005,1143.1,1144.45,1436.405,1273.28,1019.835,1004.85,782.555,868.84,961.89,950.54,938.285,924.465,831.285,828.325,751.81,755.14,803.775,783.095,1114.5,1274.2,1263.04,1232.025,1168.005,1013.745,1160.97,1263.915,1140.035,984.95,969.34,1333.975,1236.905,1221.32,1080.375,1007.16,944.495,906.005,955.715,839.95,929.935,1109.825,1049.535,843.95,0,.,17
2,0,98.29,57.39,0,0,0,0,0,0,0,0,114.72,208.135,243.18,124.25,188.95,244.175,265.98,412.73,297.09,233.34,194.05,301.585,338.88,365.35,470.29,416.535,286.455,307.705,682.835,1079.89,732.65,807.385,730.495,632.965,775.125,769.135,653.83,449.41,620.05,638.97,781.645,761.28,940.425,886.355,923.4,815.28,945.965,944.3,916.815,838.175,846.02,892.075,888.64,1017.425,1081.575,1086.885,1044.87,1001.14,1085.22,1093.325,1313.185,1196.89,983.075,923.495,652.435,837.51,929.305,925.025,897.105,890.385,795.015,803.825,708.14,727.565,782.425,756.265,1033.79,1217.85,1217.8,1213.82,1127.32,963.385,1127.23,1247.125,1059,865.975,863.605,1292.245,1175.91,1139.72,1052.7,974.99,919.645,885.845,943.205,830.045,920.52,1102.325,1035.08,795.455,0,.,18
2,0,95.5,54.89,0,0,0,0,0,0,0,0,0,72.555,61.225,0,99.49,192.745,252,332.06,79.615,62.565,64.925,228.795,180.015,165.095,315.835,278.89,191.8,227.97,476.715,735.75,265.97,365.06,411.255,434.115,617.235,689.935,594.885,408.395,594.75,602.405,675.57,674.615,818.795,784.27,793.48,710.81,911.52,851.925,806.72,756.565,794.685,814.385,767.185,969.25,1020.05,963.195,965.49,936.485,1034.27,1039.56,1140.8,1103.095,955.685,820.445,574.925,779.715,862.175,891.425,876.28,873.055,772.29,782.755,679.15,692.51,760.195,728.505,920.345,1103.765,1159.225,1189.075,1059.9,898.06,1079.595,1234.07,993.08,728.88,768.5,1225.995,1086.12,1070.255,1022.6,935.965,889.625,867.505,931.165,821.55,912.705,1094.62,1023.285,782.51,0,.,19
2,0,95.5,54.89,0,0,0,0,0,0,0,0,0,0,0,0,0,121.78,236.805,244.505,34.965,0,0,136.105,67.605,62.375,156.02,87.87,70.98,102.24,125.9,229.76,95.165,57.41,184.01,268.315,260.835,368.46,475.995,343.61,565.785,546.465,553.22,554.75,603.46,611.28,566.75,584.245,779.06,703.84,708.375,679.735,739.395,676.72,684.275,850.26,949.03,843.845,889.235,878.74,941.765,922.235,963.01,957.38,927.425,727.56,528.73,700.055,793.535,861.675,854.575,849.61,739.775,760.13,645.92,665.195,745.39,709.44,868.195,1012.6,1057.045,1027.93,913.1,824.375,1018.445,1210.67,953.805,683.515,683.55,1159.55,998.02,1023.465,990.32,899.67,852.65,848.675,916.24,810.44,904.705,1080.42,1006.665,770.725,0,.,20
2,0,47.75,27.445,0,0,0,0,0,0,0,0,0,0,0,0,0,72.15,232.45,80.065,0,0,0,57.985,29.08,0,0,0,0,0,0,0,0,0,34.675,68.535,0,40.355,252.37,309.775,491.55,427.705,378.11,390.34,342.845,379.275,436.435,457.13,584.515,512.595,572.165,586.295,622.535,503.555,620.23,585.085,820.41,684.3,770.47,715.535,797.4,791.795,787.13,832.96,884.335,645.165,490.355,571.855,738.43,831.58,818.835,817.055,695.845,731.16,609.775,642.595,733.185,685.9,831.445,911.59,957.165,886.51,782.57,726.855,908.395,1166.81,915.09,648.52,631.19,1101.19,914.715,929.925,945.665,857.74,799.02,826.735,887.795,793.09,890.55,1047.71,982.495,761.23,0,.,21
2,0,0,0,0,0,0,0,0,0,0,0,0,0,0,0,0,33.8,232.45,50.97,0,0,0,0,0,0,0,0,0,0,0,0,0,0,0,0,0,0,81.46,309.33,375.67,297.82,186.35,175.55,106.32,132.77,263.96,352.375,323.94,248.35,288.64,383.745,431.535,390.76,517.755,417.4,587.44,454.37,629.43,528.155,621.3,641.38,588.02,670.9,734.52,546.53,459.645,504.17,686.965,805.93,774.5,749.235,639.87,693.745,571.67,623.32,721.145,664.715,789.14,842.41,901.285,794.3,697.725,674.3,728.2,1111.515,880.515,603.285,603.435,1026.015,828.13,813.69,877.26,804.27,761.145,805.015,840.61,761.225,840.77,1013.94,964.635,749.69,0,.,22
2,0,0,0,0,0,0,0,0,0,0,0,0,0,0,0,0,0,0,0,0,0,0,0,0,0,0,0,0,0,0,0,0,0,0,0,0,0,53.76,309.33,207.545,122.65,44.36,24.015,0,0,84.8,275.125,52.015,55.58,106.25,239.35,223.565,284.16,333.055,309.4,279.08,233.76,411.305,364.215,506.97,413.875,427.69,504.335,462.145,414.83,430.83,467.29,594.86,714.165,699.13,663.08,593.285,642.545,525.865,601.755,706.49,645.95,726.35,785.07,865.24,701.81,667.725,623.09,602.035,991.39,826.52,539.095,578.775,953.47,760.8,759.535,833.29,764.105,728.54,782.615,813.35,721.84,751.49,956.235,943.815,726.255,0,.,23
2,0,0,0,0,0,0,0,0,0,0,0,0,0,0,0,0,0,0,0,0,0,0,0,0,0,0,0,0,0,0,0,0,0,0,0,0,0,53.2,309.33,142.655,0,0,0,0,0,57.66,261.5,0,0,51.53,233.65,74.19,192.21,178.41,227.26,27.01,108.34,253.415,235.075,268.19,172.07,181.975,269.305,239.95,315.98,379.6,409.32,430.36,511.71,529.095,550.025,512.285,534.065,472.375,574.505,686.705,615.435,629.67,691.51,718.91,625.695,618.935,561.24,549.015,760.325,703.355,504.175,557.28,887.015,707.685,721.065,758.24,730.395,681.885,748.44,791.21,690.095,692.74,854.465,919.235,677.87,0,.,24
2,0,0,0,0,0,0,0,0,0,0,0,0,0,0,0,0,0,0,0,0,0,0,0,0,0,0,0,0,0,0,0,0,0,0,0,0,0,30.645,274.96,90.09,0,0,0,0,0,25.63,116.225,0,0,0,0,0,0,0,0,0,48.3,119.61,128.405,96.34,22.2,39.555,86.51,102.545,204.89,271.83,301.305,239.87,148.4,207.275,327.145,334.57,399.495,384.205,441.345,543.08,484.56,455.9,578.575,495.055,452.965,461.61,462.1,466.275,426.86,489.82,423.055,476.255,724.16,579.36,599.34,600.82,609.095,546.735,625.055,683.175,583.64,577.35,713.36,792.555,577.82,0,.,25
2,0,0,0,0,0,0,0,0,0,0,0,0,0,0,0,0,0,0,0,0,0,0,0,0,0,0,0,0,0,0,0,0,0,0,0,0,0,0,0,0,0,0,0,0,0,0,0,0,0,0,0,0,0,0,0,0,41.16,52.595,32.13,0,0,0,0,25.675,117.27,225.555,235.81,130.365,0,43.89,126.32,238.06,294.875,341.16,362.695,287.74,426.355,357.21,495.06,315.175,322.125,373.99,391.915,414.015,338.41,336.885,395.545,451.055,623.42,489.635,550.98,528.04,536.855,497.35,591.12,600.265,536.11,506.78,654.32,741.72,555.325,0,.,26
2,0,0,0,0,0,0,0,0,0,0,0,0,0,0,0,0,0,0,0,0,0,0,0,0,0,0,0,0,0,0,0,0,0,0,0,0,0,0,0,0,0,0,0,0,0,0,0,0,0,0,0,0,0,0,0,0,20.58,24.225,0,0,0,0,0,0,81.86,213.06,157.34,85.37,0,0,48.735,185.845,181.695,283.005,240.685,65.75,263.5,277.825,195.575,222.505,272.45,265.41,319.385,277.4,224.625,252.01,350.62,398.015,518.15,360.165,472.98,463.125,445.72,439.46,505.525,506.425,492.075,436.375,570.41,669.485,529.225,0,.,27
2,0,0,0,0,0,0,0,0,0,0,0,0,0,0,0,0,0,0,0,0,0,0,0,0,0,0,0,0,0,0,0,0,0,0,0,0,0,0,0,0,0,0,0,0,0,0,0,0,0,0,0,0,0,0,0,0,0,0,0,0,0,0,0,0,0,106.53,41.06,0,0,0,0,56.415,46.465,197.07,89.2,0,99.06,205.435,29.23,130.525,235.8,213.655,280.915,146.78,171.525,193.195,281.825,256.93,351.06,227.77,273.3,383.4,381.82,385.78,360.16,419.715,457.53,383.13,486.595,545.11,486.45,0,.,28
2,0,0,0,0,0,0,0,0,0,0,0,0,0,0,0,0,0,0,0,0,0,0,0,0,0,0,0,0,0,0,0,0,0,0,0,0,0,0,0,0,0,0,0,0,0,0,0,0,0,0,0,0,0,0,0,0,0,0,0,0,0,0,0,0,0,0,0,0,0,0,0,0,0,83.485,22.09,0,29.19,94.125,0,68.825,177.76,168.63,170.765,68.91,80.45,132.375,231.94,192.145,163.615,117.535,70.105,229.67,265.65,304.535,271.325,304.48,396.625,328.625,366.005,390.8,385.385,0,.,29
2,0,0,0,0,0,0,0,0,0,0,0,0,0,0,0,0,0,0,0,0,0,0,0,0,0,0,0,0,0,0,0,0,0,0,0,0,0,0,0,0,0,0,0,0,0,0,0,0,0,0,0,0,0,0,0,0,0,0,0,0,0,0,0,0,0,0,0,0,0,0,0,0,0,0,0,0,0,0,0,52.06,105.04,138.48,105.615,0,25.16,87.14,166.86,149.45,99.41,0,0,88.29,160.695,232.2,192.285,159.93,279.2,229.54,179.065,201.15,232.16,0,.,30
2,0,0,0,0,0,0,0,0,0,0,0,0,0,0,0,0,0,0,0,0,0,0,0,0,0,0,0,0,0,0,0,0,0,0,0,0,0,0,0,0,0,0,0,0,0,0,0,0,0,0,0,0,0,0,0,0,0,0,0,0,0,0,0,0,0,0,0,0,0,0,0,0,0,0,0,0,0,0,0,0,0,0,0,0,0,57.15,116.265,101.505,66.09,0,0,0,96.36,152.415,138.525,108.195,208.19,168.19,98.39,61.515,132.11,0,.,31
2,0,0,0,0,0,0,0,0,0,0,0,0,0,0,0,0,0,0,0,0,0,0,0,0,0,0,0,0,0,0,0,0,0,0,0,0,0,0,0,0,0,0,0,0,0,0,0,0,0,0,0,0,0,0,0,0,0,0,0,0,0,0,0,0,0,0,0,0,0,0,0,0,0,0,0,0,0,0,0,0,0,0,0,0,0,49.205,82,62.08,0,0,0,0,0,69.545,101.4,72.34,144.085,166.05,80.385,40.49,91.06,0,.,32
2,0,0,0,0,0,0,0,0,0,0,0,0,0,0,0,0,0,0,0,0,0,0,0,0,0,0,0,0,0,0,0,0,0,0,0,0,0,0,0,0,0,0,0,0,0,0,0,0,0,0,0,0,0,0,0,0,0,0,0,0,0,0,0,0,0,0,0,0,0,0,0,0,0,0,0,0,0,0,0,0,0,0,0,0,0,0,0,0,0,0,0,0,0,0,47.05,32.73,81.33,166.05,59.765,40.49,0,0,.,33
2,0,0,0,0,0,0,0,0,0,0,0,0,0,0,0,0,0,0,0,0,0,0,0,0,0,0,0,0,0,0,0,0,0,0,0,0,0,0,0,0,0,0,0,0,0,0,0,0,0,0,0,0,0,0,0,0,0,0,0,0,0,0,0,0,0,0,0,0,0,0,0,0,0,0,0,0,0,0,0,0,0,0,0,0,0,0,0,0,0,0,0,0,0,0,0,0,49.1,166.05,54.66,0,0,0,.,34
1,0,0,0,0,0,0,0,0,0,0,0,0,0,0,0,0,0,0,0,0,0,0,0,0,0,0,0,0,0,0,0,0,0,0,0,0,0,0,0,0,0,0,0,0,0,0,0,0,0,0,0,0,0,0,0,0,0,0,0,0,0,0,0,0,0,0,0,0,0,0,0,0,0,0,0,0,0,0,0,0,0,0,0,0,0,0,0,0,0,0,0,0,0,0,0,0,0,0,0,0,0,0,.,35
