$ Bathymetry:  McNary.  Updated to csv version by Barry.  Original provided by WEST consultants via David Gade.,,,,,,,,,,,,,,,,,,,,,,,,,,,,,,,,,,,,,,,,,,,,,,,,,,,,,,,,,,,,,,,,,,,,,,,,,,,,,,,,,,,,,,,,,,,,,,,,,,,,,,,,,,,,,,,,,,,,,,,
SEG: I,1,2,3,4,5,6,7,8,9,10,11,12,13,14,15,16,17,18,19,20,21,22,23,24,25,26,27,28,29,30,31,32,33,34,35,36,37,38,39,40,41,42,43,44,45,46,47,48,49,50,51,52,53,54,55,56,57,58,59,60,61,62,63,64,65,66,67,68,69,70,71,72,73,74,75,76,77,78,79,80,81,82,83,84,85,86,87,88,89,90,91,92,93,94,95,96,97,98,99,100,101,102,103,104,,,,,,,,,,,,,,,
DLX,775.91,775.91,850.99,851.79,848.27,845.9,775.1,781.93,720.39,768.19,818.83,773.23,857.63,842.93,760.81,767.86,838.7,836.26,690.61,904.98,987.18,775.71,767.61,768.98,775.15,840.07,839.61,769.28,767.96,787.91,809.43,816.78,843.29,817.97,764.94,754.73,768.38,754.06,732.38,773.43,852.66,840.78,790.74,791.76,696.8,638.41,736.3,786.02,772.86,784.5,778.97,723.63,769.58,839.44,780.89,767.27,811.65,857.53,830.09,787.54,853.54,852.31,792.57,801.02,806.89,830.92,778.48,719.53,737.26,757.67,790.88,794.24,869.81,928.64,825.1,762.6,797.88,772.59,748.06,789.27,791.24,729.35,621.02,477.45,403.78,450,1000,1000,1371.6,1371.6,1396.26,1028.72,733.41,850.22,772.11,1031.01,1785.29,1861.68,1322.55,1170.39,940.42,1266.15,1192.91,1192.9,,,,,,,,,,,,,,,
ELWS,104.228,104.228,104.228,104.228,104.228,104.228,104.228,104.228,104.228,104.228,104.228,104.228,104.228,104.228,104.228,104.228,104.228,104.228,104.228,104.228,104.228,104.228,104.228,104.228,104.228,104.228,104.228,104.228,104.228,104.228,104.228,104.228,104.228,104.228,104.228,104.228,104.228,104.228,104.228,104.228,104.228,104.228,104.228,104.228,104.228,104.228,104.228,104.228,104.228,104.228,104.228,104.228,104.228,104.228,104.228,104.228,104.228,104.228,104.228,104.228,104.228,104.228,104.228,104.228,104.228,104.228,104.228,104.228,104.228,104.228,104.228,104.228,104.228,104.228,104.228,104.228,104.228,104.228,104.228,104.228,104.228,104.228,104.228,104.228,104.228,104.228,104.228,104.228,104.228,104.228,104.228,104.228,104.228,104.228,104.228,104.228,104.228,104.228,104.228,104.228,104.228,104.228,104.228,104.228,,,,,,,,,,,,,,,
PHIO,5.3,5.3,5.27,5.02,4.97,4.95,4.95,4.87,5.01,5.02,5.06,5.11,5.09,5.29,5.25,5.27,5.22,5.29,5.23,5.29,5.48,5.56,5.69,5.76,5.72,5.77,5.76,5.76,5.74,5.79,5.84,5.86,5.9,5.88,5.88,5.86,5.86,5.88,5.84,6.18,0.03,0.1,0.12,0.09,0.12,0.26,0.65,0.77,0.77,0.77,0.77,0.73,0.63,0.56,0.59,0.79,0.85,0.98,1.08,1.1,1.1,1.08,0.96,0.99,0.94,1.05,1.13,1.24,1.33,1.4,1.43,1.38,1.34,1.59,1.64,1.66,1.71,1.76,1.97,2.04,1.97,1.76,1.62,1.48,1.41,1.41,1.41,1.41,1.34,1.34,1.34,1.34,1.36,1.47,1.4,1.55,1.54,0.91,0.87,0.77,0.51,0.44,0.07,0.07,,,,,,,,,,,,,,,
FRICT,0.02,0.02,0.02,0.02,0.02,0.02,0.02,0.02,0.02,0.02,0.02,0.02,0.02,0.02,0.02,0.02,0.02,0.02,0.02,0.02,0.02,0.02,0.02,0.02,0.02,0.02,0.02,0.02,0.02,0.02,0.02,0.02,0.02,0.02,0.02,0.02,0.02,0.02,0.02,0.02,0.02,0.02,0.02,0.02,0.02,0.02,0.02,0.02,0.02,0.02,0.02,0.02,0.02,0.02,0.02,0.02,0.02,0.02,0.02,0.02,0.02,0.02,0.02,0.02,0.02,0.02,0.02,0.02,0.02,0.02,0.02,0.02,0.02,0.02,0.02,0.02,0.02,0.02,0.02,0.02,0.02,0.02,0.02,0.02,0.02,0.02,0.02,0.02,0.02,0.02,0.02,0.02,0.02,0.02,0.02,0.02,0.02,0.02,0.02,0.02,0.02,0.02,0.02,0.02,,,,,,,,,,,,,,,
LAYER,,BR1,,,,,,,,,,,,,,,,,,,,,,,,,,,,,,,,,,,,,,,,,,,,,,,,,,,,,,,,,,,,,,,,,,,,,,,,,,,,,,,,,,,,,,,,,,,,,,,,,,,,,,,,K,Area,Volume (m^3),Volume(af),Bottom Elevation(m),Bottom Elevation(ft),,mult,,,,,,
1,0,0,0,0,0,0,0,0,0,0,0,0,0,0,0,0,0,0,0,0,0,0,0,0,0,0,0,0,0,0,0,0,0,0,0,0,0,0,0,0,0,0,0,0,0,0,0,0,0,0,0,0,0,0,0,0,0,0,0,0,0,0,0,0,0,0,0,0,0,0,0,0,0,0,0,0,0,0,0,0,0,0,0,0,0,0,0,0,0,0,0,0,0,0,0,0,0,0,0,0,0,0,0,0,,1,0,2449990517,1986242.596,111,364.1732283,,1,,,,,,
1,0,1040.652,1127.079,873.099,809.37,862.056,982.809,1024.758,1915.632,1475.46,1830.906,1777.851,1772.577,1690.542,2045.511,2477.826,2876.733,3324.897,3981.042,1461.582,1727.397,1458.315,2447.19,2158.317,4693.248,4721.103,4863.222,6189.759,5530.59,4876.965,4325.211,2927.979,3452.625,3359.187,3807.135,3769.866,3145.113,3216.24,3190.239,3041.244,2855.097,1724.979333,1341.01,1067.126211,1478.1875,2092.248714,1736.844143,1901.847143,1537.28,1537.119,1483.326,1420.002,1274.841,1274.4,1336.77,1349.019,1441.539,1325.223,1437.45575,1388.277,1477.638,1337.14565,1508.751,1569.4848,1543.788,1609.596,1800.495,1910.646,1969.362,2070.531,1902.02,1936.47,1767.55,1544.84,1619.48,1695.39,1632.48,1641.82,1600.42,1689.85,1861.92,1993.97,1950,1862.25,1978.26,2081.16,2090.95,0,0,401.26,403.33,510.76,529.34,470.05,509.17,661.09,893.08,898.52,666.75,2093.54,2318.31,1552.28,1516.49,0,,2,160417082.3,2449990517,1986242.596,110,360.8923885,,1.1,0.9,,,,,
1,0,1009.43244,1127.079,873.099,809.37,862.056,953.32473,994.01526,1858.16304,1431.1962,1775.97882,1724.51547,1719.39969,1639.82574,1984.14567,2403.49122,2790.43101,3225.15009,3861.61074,1417.73454,1675.57509,1414.56555,2373.7743,2093.56749,4552.45056,4579.46991,4717.32534,6004.06623,5364.6723,4730.65605,4195.45467,2840.13963,3349.04625,3258.41139,3692.92095,3656.77002,3050.75961,3119.7528,3094.53183,2950.00668,2769.44409,1724.979333,1341.01,1067.126211,1478.1875,2092.248714,1736.844143,1901.847143,1537.28,1491.00543,1480.5732,1377.40194,1207.19735,1264.33695,1296.6669,1308.54843,1398.29283,1285.46631,1437.45575,1346.62869,1433.30886,1337.14565,1463.48847,1569.4848,1471.66995,1561.30812,1746.48015,1853.32662,1910.28114,2008.41507,1892.724925,1920.886375,1765.188571,1544.598,1617.5135,1691.275143,1625.51215,1638.627952,1600.4,1680.159375,1850.839625,1986.408125,1950,1862.152174,1976.835391,2074.377425,2081.55005,0,0,392.31,393.83,502.17,523.48,468.07,504.65,614.89,873.08,896.7,650.38,574.27,1979.36,481.58,1512.97,0,,3,153589888.8,2289573435,1856190.157,109,357.6115486,,1.1,0.97,,,,,
1,0,994.4744,1127.079,873.099,809.37,862.056,924.7249881,964.1948022,1802.418149,1388.260314,1722.699455,1672.780006,1667.817699,1590.630968,1924.6213,2331.386483,2706.71808,3128.395587,3745.762418,1375.202504,1625.307837,1372.128584,2302.561071,2030.760465,4415.877043,4442.085813,4575.80558,5823.944243,5203.732131,4588.736369,4069.59103,2754.935441,3248.574863,3160.659048,3582.133322,3547.066919,2959.236822,3026.160216,3001.695875,2861.50648,2686.360767,1724.979333,1341.01,1067.126211,1478.1875,2092.248714,1736.844143,1901.847143,1537.28,1446.275267,1480.5732,1336.079882,1207.19735,1264.33695,1257.766893,1269.291977,1356.344045,1246.902321,1437.45575,1306.229829,1390.309594,1337.14565,1419.583816,1569.4848,1471.66995,1514.468876,1694.085746,1797.726821,1852.972706,1948.162618,1883.42985,1905.30275,1762.827143,1544.356,1615.547,1687.160286,1618.5443,1635.435905,1600.38,1670.46875,1839.75925,1978.84625,1950,1862.054348,1975.410783,2067.59485,2072.1501,0,0,386.27,387.75,495.14,506.8,465.28,500.98,607.83,811.97,894.85,602.15,570.3,1359.4,481.58,1509.42,0,,4,149778280.1,2135983546,1731672.622,108,354.3307087,,1.1,0.97,,,,,
1,0,994.4744,1127.079,873.099,809.37,862.056,924.7249881,964.1948022,1802.418149,1388.260314,1722.699455,1672.780006,1667.817699,1590.630968,1924.6213,2331.386483,2706.71808,3128.395587,3745.762418,1375.202504,1625.307837,1372.128584,2302.561071,2030.760465,4415.877043,4442.085813,4575.80558,5823.944243,5203.732131,4588.736369,4069.59103,2754.935441,3248.574863,3160.659048,3582.133322,3547.066919,2959.236822,3026.160216,3001.695875,2861.50648,2686.360767,1724.979333,1341.01,1067.126211,1478.1875,2092.248714,1736.844143,1901.847143,1537.28,1446.275267,1480.5732,1336.079882,1207.19735,1264.33695,1257.766893,1269.291977,1356.344045,1246.902321,1437.45575,1306.229829,1390.309594,1337.14565,1419.583816,1569.4848,1471.66995,1514.468876,1694.085746,1797.726821,1852.972706,1948.162618,1874.134775,1889.719125,1760.465714,1544.114,1613.5805,1683.045429,1611.57645,1632.243857,1600.36,1660.778125,1828.678875,1971.284375,1950,1861.956522,1973.986174,2060.812275,2062.75015,0,0,381.65,382.85,487.18,495.7,459.71,497.05,583.51,672.88,892.8,564.75,568.46,540.77,481.58,1507.1,0,,5,148569741.6,1986205266,1610245.213,107,351.0498688,,1.1,1,,,,,
1,0,994.4744,1127.079,873.099,809.37,862.056,924.7249881,964.1948022,1802.418149,1388.260314,1722.699455,1672.780006,1667.817699,1590.630968,1924.6213,2331.386483,2706.71808,3128.395587,3745.762418,1375.202504,1625.307837,1372.128584,2302.561071,2030.760465,4415.877043,4442.085813,4575.80558,5823.944243,5203.732131,4588.736369,4069.59103,2754.935441,3248.574863,3160.659048,3582.133322,3547.066919,2959.236822,3026.160216,3001.695875,2861.50648,2686.360767,1724.979333,1341.01,1067.126211,1478.1875,2092.248714,1736.844143,1901.847143,1537.28,1446.275267,1480.5732,1336.079882,1207.19735,1264.33695,1257.766893,1269.291977,1356.344045,1246.902321,1437.45575,1306.229829,1390.309594,1337.14565,1419.583816,1569.4848,1471.66995,1514.468876,1694.085746,1797.726821,1852.972706,1948.162618,1864.8397,1874.1355,1758.104286,1543.872,1611.614,1678.930571,1604.6086,1629.05181,1600.34,1651.0875,1817.5985,1963.7225,1950,1861.858696,1972.561565,2054.0297,2053.3502,0,0,375.2,376.96,473.73,485.67,453.25,491.64,520.62,631.4,862.99,540.88,513.42,502.59,481.58,1467.6,0,,6,148078592.1,1837635524,1489797.584,106,347.7690289,,1.1,1,,,,,
1,0,994.4744,1127.079,873.099,809.37,862.056,924.7249881,964.1948022,1802.418149,1388.260314,1722.699455,1672.780006,1667.817699,1590.630968,1924.6213,2331.386483,2706.71808,3128.395587,3745.762418,1375.202504,1625.307837,1372.128584,2302.561071,2030.760465,4415.877043,4442.085813,4575.80558,5823.944243,5203.732131,4588.736369,4069.59103,2754.935441,3248.574863,3160.659048,3582.133322,3547.066919,2959.236822,3026.160216,3001.695875,2861.50648,2686.360767,1724.979333,1341.01,1067.126211,1478.1875,2092.248714,1736.844143,1901.847143,1537.28,1446.275267,1480.5732,1336.079882,1207.19735,1264.33695,1257.766893,1269.291977,1356.344045,1246.902321,1437.45575,1306.229829,1390.309594,1337.14565,1419.583816,1569.4848,1471.66995,1514.468876,1694.085746,1797.726821,1852.972706,1948.162618,1855.544625,1858.551875,1755.742857,1543.63,1609.6475,1674.815714,1597.64075,1625.859762,1600.32,1641.396875,1806.518125,1956.160625,1950,1861.76087,1971.136957,2047.247125,2043.95025,0,0,285.82,315.95,445.44,470.87,443.25,481.75,491.25,597.86,723.92,536.96,471.27,491.38,479.54,1112.18,0,,7,146904215.3,1689556932,1369748.137,105,344.488189,,1.1,1,,,,,
1,0,994.4744,1127.079,873.099,809.37,862.056,924.7249881,964.1948022,1802.418149,1388.260314,1722.699455,1672.780006,1667.817699,1590.630968,1924.6213,2331.386483,2706.71808,3128.395587,3745.762418,1375.202504,1625.307837,1372.128584,2302.561071,2030.760465,4415.877043,4442.085813,4575.80558,5823.944243,5203.732131,4588.736369,4069.59103,2754.935441,3248.574863,3160.659048,3582.133322,3547.066919,2959.236822,3026.160216,3001.695875,2861.50648,2686.360767,1724.979333,1341.01,1067.126211,1478.1875,2092.248714,1736.844143,1901.847143,1537.28,1446.275267,1480.5732,1336.079882,1207.19735,1264.33695,1257.766893,1269.291977,1356.344045,1246.902321,1437.45575,1306.229829,1390.309594,1337.14565,1419.583816,1569.4848,1471.66995,1514.468876,1694.085746,1797.726821,1852.972706,1948.162618,1846.24955,1842.96825,1753.381429,1543.388,1607.681,1670.700857,1590.6729,1622.667714,1600.3,1631.70625,1795.43775,1948.59875,1950,1861.663043,1969.712348,2040.46455,2034.5503,0,0,203.29,218.58,324.39,358.81,419.11,445.48,392.41,489.98,588.72,527.66,464.68,451.6,474.29,867.92,0,,8,145428357.5,1542652717,1250650.774,104,341.2073491,Active Range,1.1,1,,,,,
1,0,994.4744,1127.079,873.099,809.37,862.056,924.7249881,964.1948022,1802.418149,1388.260314,1722.699455,1672.780006,1667.817699,1590.630968,1924.6213,2331.386483,2706.71808,3128.395587,3745.762418,1375.202504,1625.307837,1372.128584,2302.561071,2030.760465,4415.877043,4442.085813,4575.80558,5823.944243,5203.732131,4588.736369,4069.59103,2754.935441,3248.574863,3160.659048,3582.133322,3547.066919,2959.236822,3026.160216,3001.695875,2861.50648,2686.360767,1724.979333,1341.01,1067.126211,1478.1875,2092.248714,1736.844143,1901.847143,1537.28,1446.275267,1480.5732,1336.079882,1207.19735,1264.33695,1257.766893,1269.291977,1356.344045,1246.902321,1437.45575,1306.229829,1390.309594,1337.14565,1419.583816,1569.4848,1471.66995,1514.468876,1694.085746,1797.726821,1852.972706,1948.162618,1836.954475,1827.384625,1751.02,1543.146,1605.7145,1666.586,1583.70505,1619.475667,1600.28,1622.015625,1784.357375,1941.036875,1950,1861.565217,1968.287739,2033.681975,2025.15035,0,0,157.03,169.21,138.8,178.05,378.55,296.36,281.97,444.94,479.4,523.11,453.3,429.23,471.12,816.21,0,,9,144249181.3,1397224359,1132749.91,103,337.9265092,Active Range,1.1,1,,,,,
1,0,994.4744,1127.079,873.099,809.37,739.92,904.034,964.1948022,1192.0576,1012.8592,1069.8824,1043.9612,1066.3924,1368.5848,1355.1532,1530.9032,1594.5508,1677.3236,2347.748,990.2177143,1237.509429,1135.222,1686.197143,1601.776857,2932.278857,2973.419714,3092.304571,3499.998,2922.263429,2570.227143,2867.532857,2400.940857,2527.563143,2311.247143,2601.300857,2551.636,2266.559714,2293.161143,2312.67,2292.042286,2118.454571,1724.979333,1341.01,1067.126211,1478.1875,2092.248714,1736.844143,1901.847143,1537.28,1373.8596,1480.5732,1336.079882,1207.19735,1264.33695,1257.766893,1269.291977,1356.344045,1246.902321,1437.45575,1306.229829,1390.309594,1337.14565,1419.583816,1569.4848,1471.66995,1514.468876,1694.085746,1797.726821,1852.972706,1948.162618,1827.6594,1811.801,1748.658571,1542.904,1603.748,1662.471143,1576.7372,1616.283619,1600.26,1612.325,1773.277,1933.475,1950,1861.467391,1966.86313,2026.8994,2015.7504,0,0,99.26,111.17,96.09,113.96,232.61,145.16,217.05,331.47,438.62,489.8,435.19,413.38,468.31,714.9,0,,10,119291339,1252975178,1015805.022,102,334.6456693,Active Range,1.1,1,,,,,
1,0,994.4744,1127.079,873.099,809.37,712.68,880.537,964.1948022,1075.0048,934.5416,949.3252,927.5326,953.5002,1304.8604,1240.4486,1378.1236,1394.3234,1425.1978,2088.294,910.9974286,1152.281857,1074.581,1557.084286,1502.232714,2646.973714,2689.388429,2803.395143,3077.809,2519.408857,2214.149286,2625.250714,2294.394714,2363.977286,2133.599286,2397.694714,2346.998,2113.058429,2133.106286,2158.665,2156.152571,1986.720143,1724.979333,1340.88375,1054.905737,1468.885938,2092.248714,1736.844143,1901.539286,1529.275,1332.1033,1459.62735,1336.079882,1207.19735,1264.33695,1257.766893,1269.291977,1356.344045,1246.902321,1437.45575,1306.229829,1390.309594,1337.14565,1419.583816,1569.4848,1471.66995,1514.468876,1694.085746,1797.726821,1852.972706,1948.162618,1818.364325,1796.217375,1746.297143,1542.662,1601.7815,1658.356286,1569.76935,1613.091571,1600.24,1602.634375,1762.196625,1925.913125,1950,1861.369565,1965.438522,2020.116825,2006.35045,0,0,99.26,111.17,96.09,113.96,101.71,89.7,176.86,185.22,408.99,393.42,405.59,397.33,461.4,598.4,0,,11,113584458.4,1133683839,919093.8151,101,331.3648294,,1.1,1,,,,,
1,0,610.31,1127.079,873.099,809.37,428.4,535.65,964.1948022,598.72,535.14,517.98,506.94,525.38,775.71,703.59,765.84,746.31,733.17,1828.84,831.7771429,1067.054286,1013.94,1427.971429,1402.688571,2361.668571,2405.357143,2514.485714,2655.62,2116.554286,1858.071429,2382.968571,2187.848571,2200.391429,1955.951429,2194.088571,2142.36,1959.557143,1973.051429,2004.66,2020.262857,1854.985714,1724.979333,1340.7575,1042.685263,1459.584375,2092.248714,1736.844143,1901.231429,1521.27,1290.347,1438.6815,1336.079882,1207.19735,1264.33695,1257.766893,1269.291977,1356.344045,1246.902321,1437.45575,1306.229829,1390.309594,1337.14565,1419.583816,1569.4848,1471.66995,1514.468876,1694.085746,1797.726821,1852.972706,1948.162618,1809.06925,1780.63375,1743.935714,1542.42,1599.815,1654.241429,1562.8015,1609.899524,1600.22,1592.94375,1751.11625,1918.35125,1950,1861.271739,1964.013913,2013.33425,1996.9505,0,0,99.26,111.17,96.09,113.96,101.71,81.78,136.72,96.08,317.84,271.22,383.17,381.28,395.93,499.24,0,,12,104094007.8,1020099381,827009.2588,100,328.0839895,,1.1,1,,,,,
1,0,369.3,1127.079,873.099,385.07,353.92,365.21,714.4,569.84,489.96,377.18,367.66,383.58,669.86,520.98,538.35,598.49,569.49,1569.386,752.5568571,981.8267143,953.299,1298.858571,1303.144429,2076.363429,2121.325857,2225.576286,2233.431,1713.699714,1501.993571,2140.686429,2081.302429,2036.805571,1778.303571,1990.482429,1937.722,1806.055857,1812.996571,1850.655,1884.373143,1723.251286,1724.979333,1340.63125,1030.464789,1450.282813,2092.248714,1736.844143,1900.923571,1513.265,1248.5907,1417.73565,1336.079882,1207.19735,1264.33695,1257.766893,1269.291977,1356.344045,1246.902321,1437.45575,1306.229829,1390.309594,1337.14565,1419.583816,1569.4848,1471.66995,1514.468876,1694.085746,1797.726821,1852.972706,1948.162618,1799.774175,1765.050125,1741.574286,1542.178,1597.8485,1650.126571,1555.83365,1606.707476,1600.2,1583.253125,1740.035875,1910.789375,1950,1861.173913,1962.589304,2006.551675,1987.55055,0,0,0,0,0,0,0,81.78,121.46,57.71,194.2,218.18,355.98,340.63,250.51,453.52,0,,13,97077534.45,916005372.8,742618.7476,99,324.8031496,,1.1,1,,,,,
1,0,161.25,319.58,375.46,285.73,307.58,315.77,686.06,454.91,461.04,287.74,288.86,363.67,565.18,389.46,448.1,472.24,506.52,1309.932,673.3365714,896.5991429,892.658,1169.745714,1203.600286,1791.058286,1837.294571,1936.666857,1811.242,1310.845143,1145.915714,1898.404286,1974.756286,1873.219714,1600.655714,1786.876286,1733.084,1652.554571,1652.941714,1696.65,1748.483429,1591.516857,1724.979333,1340.505,1018.244316,1440.98125,2092.248714,1736.844143,1900.615714,1505.26,1206.8344,1396.7898,1336.079882,1207.19735,1264.33695,1257.766893,1269.291977,1356.344045,1246.902321,1437.45575,1306.229829,1390.309594,1337.14565,1419.583816,1569.4848,1471.66995,1514.468876,1694.085746,1797.726821,1852.972706,1948.162618,1790.4791,1749.4665,1739.212857,1541.936,1595.882,1646.011714,1548.8658,1603.515429,1600.18,1573.5625,1728.9555,1903.2275,1950,1861.076087,1961.164696,1999.7691,1978.1506,0,0,0,0,0,0,0,0,0,0,74.151,187.462,289.795,202.829,215.204,430.738,0,,14,90352486.95,818927838.3,663916.5923,98,321.5223097,,1.1,1,,,,,
1,0,52.93,221.87,236.55,232.51,263.02,293.47,321.55,332.96,330.01,237.46,254.21,342.67,490.18,326.28,336.54,367.28,473.95,1050.478,594.1162857,811.3715714,832.017,1040.632857,1104.056143,1505.753143,1553.263286,1647.757429,1389.053,907.9905714,789.8378571,1656.122143,1868.210143,1709.633857,1423.007857,1583.270143,1528.446,1499.053286,1492.886857,1542.645,1612.593714,1459.782429,1724.979333,1340.37875,1006.023842,1431.679688,2092.248714,1736.844143,1900.307857,1497.255,1165.0781,1375.84395,1336.079882,1207.19735,1264.33695,1257.766893,1269.291977,1356.344045,1246.902321,1437.45575,1306.229829,1390.309594,1337.14565,1419.583816,1569.4848,1471.66995,1514.468876,1694.085746,1797.726821,1852.972706,1948.162618,1781.184025,1733.882875,1736.851429,1541.694,1593.9155,1641.896857,1541.89795,1600.323381,1600.16,1563.871875,1717.875125,1895.665625,1950,1860.978261,1959.740087,1992.986525,1968.75065,0,0,0,0,0,0,0,0,0,0,0,138.908,122.32,151.327,195.36,160.435,0,,15,84539080.02,728575351.4,590666.53,97,318.2414698,,1.1,1,,,,,
1,0,0,92.38,158.07,215.34,193.71,278.67,105.31,239.21,166.71,202.43,236.88,310.93,336.51,258.24,236.27,292.79,439.25,494.39,321.81,453.84,482.11,569.7,627.82,762.78,793.27,849.28,604.29,315.71,271.1,883.65,1101.04,966.28,778.35,862.29,827.38,840.97,833.02,867.9,922.94,830.03,1724.979333,1340.2525,993.8033684,1422.378125,1311.04,1087.86,1900,1489.25,1123.3218,1354.8981,1062.1761,1207.19735,1264.33695,1257.766893,1000.92965,1104.5756,1207.32505,1437.45575,1189.4787,1229.3142,1337.14565,1405.18095,1569.4848,1471.66995,1337.01175,1427.593,1462.8281,1616.99925,1948.162618,1771.88895,1718.29925,1734.49,1541.452,1591.949,1637.782,1534.9301,1597.131333,1600.14,1554.18125,1706.79475,1888.10375,1950,1860.880435,1958.315478,1986.20395,1959.3507,0,0,0,0,0,0,0,0,0,0,0,0,122.32,127.765,164.329,0,0,,16,68858384.07,644036271.3,522129.4803,96,314.9606299,,1.1,1,,,,,
1,0,0,0,128.28,215.34,167.46,242.77,0,206.13,91.87,174.86,226.9,288.2,195.93,181.35,210.49,251.55,353.85,378.24,272.79,303.54,353.97,508.96,598.22,691.01,401.93,535.7,167.86,74.08,75,737.42,954.35,952.34,760.47,796.25,746.88,732.7,805.47,846.55,809.66,817.3,1079.5,1340.12625,981.5828947,1413.076563,1260.95,1086,1235.11,1481.245,1081.5655,1333.95225,1025.34725,1192.247875,1253.503875,1257.766893,965.359625,1069.066,1188.386125,1431.341875,1164.26075,1199.8495,1327.464625,1385.808875,1559.798,1454.266375,1304.766875,1386.6675,1415.67725,1576.200625,1948.162618,1762.593875,1702.715625,1732.128571,1541.21,1589.9825,1633.667143,1527.96225,1593.939286,1600.12,1544.490625,1695.714375,1880.541875,1950,1860.782609,1956.89087,1979.421375,1949.95075,0,0,0,0,0,0,0,0,0,0,0,0,0,127.765,75.471,0,0,,17,63995574.09,575177887.3,466304.9967,95,311.67979,,1.1,1,,,,,
1,0,0,0,98.15,215.34,142.91,190.61,0,0,0,148.43,219.49,264.68,123.55,117.22,197.28,211.71,212,268.98,234.29,165.13,308.4,476.24,547.93,561.81,127.92,308.75,0,0,0,737.42,954.35,952.34,760.47,796.25,746.88,732.7,805.47,846.55,809.66,817.3,1079.5,1340.12625,981.5828947,1413.076563,1260.95,1086,1235.11,1481.245,1081.5655,1333.95225,1025.34725,1192.247875,1253.503875,1257.766893,965.359625,1069.066,1188.386125,1431.341875,1164.26075,1199.8495,1327.464625,1385.808875,1559.798,1454.266375,1304.766875,1386.6675,1415.67725,1576.200625,1948.162618,1753.2988,1687.132,1729.767143,1540.968,1588.016,1629.552286,1520.9944,1590.747238,1600.1,1534.8,1684.634,1872.98,1950,1860.684783,1955.466261,1972.6388,1940.5508,0,0,0,0,0,0,0,0,0,0,0,0,0,0,0,0,0,,18,61972524.56,511182313.2,414422.8631,94,308.3989501,,1.1,1,,,,,
1,0,0,0,73.4,215.34,119.88,140.88,0,0,0,130.09,205.14,229.31,0,100.46,188.21,177.73,188.05,138.76,225.42,133.43,254.82,476.24,458.08,259.67,0,0,0,0,0,737.42,954.35,952.34,760.47,796.25,746.88,732.7,805.47,846.55,809.66,817.3,1079.5,1340.12625,981.5828947,1413.076563,1260.95,1086,1235.11,1481.245,1081.5655,1333.95225,1025.34725,1192.247875,1253.503875,1257.766893,965.359625,1069.066,1188.386125,1431.341875,1164.26075,1199.8495,1327.464625,1385.808875,1559.798,1454.266375,1304.766875,1386.6675,1415.67725,1576.200625,1948.162618,1744.003725,1671.548375,1727.405714,1540.726,1586.0495,1625.437429,1514.02655,1587.55519,1600.08,1525.109375,1673.553625,1865.418125,1950,1860.586957,1954.041652,1965.856225,1931.15085,0,0,0,0,0,0,0,0,0,0,0,0,0,0,0,0,0,,19,60753965.33,449209788.6,364180.8449,93,305.1181102,,1.1,1,,,,,
1,0,0,0,55.5,215.34,119.88,140.88,0,0,0,114.82,184.7,172.49,0,84.13,188.21,168.18,144.41,68.61,0,0,140.79,476.24,323.46,0,0,0,0,0,0,0,0,304.42,600,550.43,527.8,468.01,696.49,669.39,700,693.39,695.09,750,944.9214737,900,1000,1086,1100,686.01,956.2966,1271.1147,914.8607,1147.39945,1221.00465,1212.74445,858.64955,962.5372,1131.56935,1413.00025,1088.6069,1111.4554,1298.42155,1327.69265,1530.7376,1402.05565,1208.03225,1263.891,1274.2247,1453.80475,1948.162618,1734.70865,1655.96475,1725.044286,1540.484,1584.083,1621.322571,1507.0587,1584.363143,1600.06,1515.41875,1662.47325,1857.85625,1950,1860.48913,1952.617043,1959.07365,1921.7509,0,0,0,0,0,0,0,0,0,0,0,0,0,0,0,0,0,,20,53484911.97,388455823.3,314926.7303,92,301.8372703,,1.1,1,,,,,
1,0,0,0,0,0,0,0,0,0,0,107.53,184.7,139.61,0,77.65,188.21,156.58,115.02,0,0,0,0,476.24,99.71,0,0,0,0,0,0,0,0,300,580,396.528,364.44,418.68,549.34,530,650,516.55,521.73,750,932.701,900,900,1086,1100,600,914.5403,1250.16885,878.03185,1132.449975,1210.171575,1197.602475,823.079525,927.0276,1112.630425,1406.886375,1063.38895,1081.9907,1288.740525,1308.320575,1521.0508,1384.652075,1175.787375,1222.9655,1227.07385,1413.006125,1948.162618,1725.413575,1640.381125,1722.682857,1540.242,1582.1165,1617.207714,1500.09085,1581.171095,1600.04,1505.728125,1651.392875,1850.294375,1950,1860.391304,1951.192435,1952.291075,1912.35095,0,0,0,0,0,0,0,0,0,0,0,0,0,0,0,0,0,,21,51186585.61,334970911.3,271565.7419,91,298.5564304,,1.1,1,,,,,
1,0,0,0,0,0,0,0,0,0,0,104.3041,179.159,0,0,75.3205,182.5637,112.2678,0,0,0,0,0,0,0,0,0,0,0,0,0,0,0,283.852,571.967,393.472,278.574,400,458.9395,521.9275,608.739,508.428,507.1085,748.577,900,892.8955,619.3965,1085.7745,988.871,583.5815,872.784,1229.223,841.203,1117.5005,1199.3385,1182.4605,787.5095,891.518,1093.6915,1400.7725,1038.171,1052.526,1279.0595,1288.9485,1511.364,1367.2485,1143.5425,1182.04,1179.923,1372.2075,1889.717739,1716.1185,1624.7975,1720.321429,1540,1580.15,1613.092857,1493.123,1577.979048,1600.02,1496.0375,1640.3125,1842.7325,1950,1860.293478,1949.767826,1945.5085,1902.951,0,0,0,0,0,0,0,0,0,0,0,0,0,0,0,0,0,,22,49427271.47,283784325.7,230068.0398,90,295.2755906,,1.45,0.97,,,,,
1,0,0,0,0,0,0,0,0,0,0,104.3041,179.159,0,0,0,0,0,0,0,0,0,0,0,0,0,0,0,0,0,0,0,0,217.587,571.967,269.671,0,185.1505,274.7025,379.7985,451.907,404.811,430.8095,535.6445,856.6455,589.106,453.705,1085.7745,820.758,469.655,694.5645,839.0715,648.6285,979.678,1102.5655,1006.735,760.38,824.8905,940.7165,1005.198,862.3875,742.9365,938.0485,1172.528,1259.6295,1062.647,1046.7695,975.4585,1121.836,1301.5925,1833.026207,1545.4535,1597.3635,1717.96,1466.7475,1578.1835,1608.978,1421.7105,1574.787,1600,1351.5305,1547.585,1729.6325,1865.0335,1860.195652,1948.343217,1921.7575,1825.55,0,0,0,0,0,0,0,0,0,0,0,0,0,0,0,0,0,,23,43596978.08,234357054.2,189996.639,89,291.9947507,,1.45,0.97,,,,,
1,0,0,0,0,0,0,0,0,0,0,0,0,0,0,0,0,0,0,0,0,0,0,0,0,0,0,0,0,0,0,0,0,0,571.967,150.2635,0,0,88.305,264.8425,250.676,320.2615,297.6995,456.1845,340.721,375.7965,335.791,1085.7745,510.748,446.629,613.64,359.513,440.597,792.715,823.02,783.58,733.99,763.657,886.8055,731.177,642.4805,572.5035,720.534,1021.3945,1073.6815,896.071,1008.4315,807.7805,1037.939,1161.6095,1778.035421,1363.0725,1573.1195,1459.802,1340.2495,1576.217,1311.7425,1284.1055,1378.3845,1412.503,1194.6405,1495.617,1684.465,1799.4355,1860.097826,1946.918609,1898.253,1794.781,0,0,0,0,0,0,0,0,0,0,0,0,0,0,0,0,0,,24,37259811.51,190760076.2,154651.941,88,288.7139108,,1.45,0.97,,,,,
1,0,0,0,0,0,0,0,0,0,0,0,0,0,0,0,0,0,0,0,0,0,0,0,0,0,0,0,0,0,0,0,0,0,0,0,0,0,0,0,0,257.433,237.1765,456.1845,204.4355,227.7515,193.1545,1085.7745,258.1725,446.629,541.285,272.484,400.606,607.7675,615.3075,716.068,704.4825,691.389,824.818,609.3045,522.29,537.6455,658.5465,910.165,930.32,807.505,968.4405,764.1645,862.837,1102.0725,1724.694358,1231.4705,1554.487,1116.0795,1176.443,1574.2505,1120.0815,1054.324,1261.587,1190.305,1126.07,1464.9205,1661.236,1742.001,1860,1945.494,1876.3,1763.838,0,0,0,0,0,0,0,0,0,0,0,0,0,0,0,0,0,,25,32799759.42,153500264.7,124444.8752,87,285.4330709,,1.45,0.97,,,,,
1,0,0,0,0,0,0,0,0,0,0,0,0,0,0,0,0,0,0,0,0,0,0,0,0,0,0,0,0,0,0,0,0,0,0,0,0,0,0,0,0,202.8985,155.6575,456.1845,0,0,180,1085.7745,116.8845,446.629,411.4085,238.5685,400.606,273.673,337.328,644.583,668.8415,569.6325,768.9785,579.6955,489.955,526.379,592.8035,715.981,750.3605,716.619,942.297,731.09,799.095,1056.5715,1141.933,1072.0285,1529.7935,962.6405,1057.282,1444.3305,992.757,881.9625,1187.6225,1022.221,1035.4305,1303.753,1596.885,1694.412,1787.5455,1880.5485,1847.503,1724.0645,0,0,0,0,0,0,0,0,0,0,0,0,0,0,0,0,0,,26,29036927.04,120700505.2,97853.63786,86,282.152231,,1.45,0.97,,,,,
1,0,0,0,0,0,0,0,0,0,0,0,0,0,0,0,0,0,0,0,0,0,0,0,0,0,0,0,0,0,0,0,0,0,0,0,0,0,0,0,0,180.351,124.8885,456.1845,0,0,0,0,0,446.629,294.93,195.4165,400.606,179.3505,158.224,453.734,604.824,569.6325,706.933,521.7825,439.205,511.2265,536.0215,538.2835,307.3565,553.03,864.3885,694.9705,773.198,913.935,686.5895,810.5355,1294.908,806.316,852.426,1034.053,935.946,853.499,1110.033,945.0665,971.4275,1152.547,1490.02,1518.0195,1725.1955,1773.6545,1816.1395,1696.1375,0,0,0,0,0,0,0,0,0,0,0,0,0,0,0,0,0,,27,24333192.72,91663578.19,74312.98294,85,278.8713911,,1.45,0.97,,,,,
1,0,0,0,0,0,0,0,0,0,0,0,0,0,0,0,0,0,0,0,0,0,0,0,0,0,0,0,0,0,0,0,0,0,0,0,0,0,0,0,0,0,0,0,0,0,0,0,0,446.629,252.3725,133.226,400.606,0,98.7015,252.793,543.576,569.6325,570.9085,444.9905,363.6455,495.3635,491.115,449.3695,130.094,259.898,769.6165,659.8805,733.004,659.17,326.4095,515.8085,567.269,634.665,596.733,564.6155,890.9525,829.9365,914.0075,912.8765,911.6005,1065.6485,1339.7565,1338.901,1540.9585,1725.5725,1788.314,1667.616,0,0,0,0,0,0,0,0,0,0,0,0,0,0,0,0,0,,28,19604586.51,67330385.47,54585.71316,84,275.5905512,,1.45,0.97,,,,,
1,0,0,0,0,0,0,0,0,0,0,0,0,0,0,0,0,0,0,0,0,0,0,0,0,0,0,0,0,0,0,0,0,0,0,0,0,0,0,0,0,0,0,0,0,0,0,0,0,0,0,119.6395,400.606,0,95.8305,152.54,476.354,569.6325,331.354,238.583,300.3965,477.978,424.415,327.5405,74.7765,168.0115,494.9865,625.6315,686.4155,504.716,200.4045,253.0395,186.5715,478.4275,290.5075,315.955,846.3215,808.172,813.3775,878.3955,833.344,958.2905,979.011,1231.746,1290.2535,1497.618,1761.721,1618.316,0,0,0,0,0,0,0,0,0,0,0,0,0,0,0,0,0,,29,15667625.92,47725798.97,38691.99255,83,272.3097113,,1.45,0.97,,,,,
1,0,0,0,0,0,0,0,0,0,0,0,0,0,0,0,0,0,0,0,0,0,0,0,0,0,0,0,0,0,0,0,0,0,0,0,0,0,0,0,0,0,0,0,0,0,0,0,0,0,0,0,0,0,0,0,351.016,569.6325,222.633,157.441,251.0965,437.8855,337.009,222.6185,0,0,279.734,590.73,607.0425,194.4305,0,127.078,76.0525,172.3325,195.663,197.8525,725.5365,776.7215,678.0345,824.4845,782.1155,869.0865,732.279,776.1415,1057.3545,1179.3285,1722.3825,1572.4525,0,0,0,0,0,0,0,0,0,0,0,0,0,0,0,0,0,,30,11979863.26,32058173.05,25990.02257,82,269.0288714,,1.45,0.97,,,,,
1,0,0,0,0,0,0,0,0,0,0,0,0,0,0,0,0,0,0,0,0,0,0,0,0,0,0,0,0,0,0,0,0,0,0,0,0,0,0,0,0,0,0,0,0,0,0,0,0,0,0,0,0,0,0,0,0,0,0,0,187.3255,271.614,249.574,0,0,0,222.6765,549.434,483.0385,0,0,0,0,86.652,195.663,155.411,479.631,672.713,321.523,737.383,703.6705,679.267,448.3545,409.1465,465.8995,338.4445,1345.368,1543.09,0,0,0,0,0,0,0,0,0,0,0,0,0,0,0,0,0,,31,7821759.682,20078309.79,16277.7749,81,265.7480315,,1.45,0.97,,,,,
1,0,0,0,0,0,0,0,0,0,0,0,0,0,0,0,0,0,0,0,0,0,0,0,0,0,0,0,0,0,0,0,0,0,0,0,0,0,0,0,0,0,0,0,0,0,0,0,0,0,0,0,0,0,0,0,0,0,0,0,117.3775,184.3095,140.2585,0,0,0,171.0275,493.203,333.036,0,0,0,0,0,195.663,111.0555,279.1685,672.713,163.9515,559.8015,637.6955,398.518,219.1095,382.0895,234.2185,138.33,1121.401,1355.199,0,0,0,0,0,0,0,0,0,0,0,0,0,0,0,0,0,,32,5946631.896,12256550.11,9936.561684,80,262.4671916,,1.45,0.97,,,,,
1,0,0,0,0,0,0,0,0,0,0,0,0,0,0,0,0,0,0,0,0,0,0,0,0,0,0,0,0,0,0,0,0,0,0,0,0,0,0,0,0,0,0,0,0,0,0,0,0,0,0,0,0,0,0,0,0,0,0,0,0,152.105,88.7835,0,0,0,159.4855,187.166,181.6705,0,0,0,0,0,195.663,111.0555,0,0,0,374.5205,576.9695,217.6595,178.611,382.0895,0,108.924,668.6385,1120.009,0,0,0,0,0,0,0,0,0,0,0,0,0,0,0,0,0,,33,3627975.439,6309918.21,5115.541565,79,259.1863517,,1.45,0.97,,,,,
1,0,0,0,0,0,0,0,0,0,0,0,0,0,0,0,0,0,0,0,0,0,0,0,0,0,0,0,0,0,0,0,0,0,0,0,0,0,0,0,0,0,0,0,0,0,0,0,0,0,0,0,0,0,0,0,0,0,0,0,0,0,0,0,0,0,0,0,0,0,0,0,0,0,195.663,111.0555,0,0,0,177.219,576.9695,0,0,0,0,102.3845,252.938,948.242,0,0,0,0,0,0,0,0,0,0,0,0,0,0,0,0,0,,34,1964692.457,2681942.771,2174.289628,78,255.9055118,,1.45,0.97,,,,,
1,0,0,0,0,0,0,0,0,0,0,0,0,0,0,0,0,0,0,0,0,0,0,0,0,0,0,0,0,0,0,0,0,0,0,0,0,0,0,0,0,0,0,0,0,0,0,0,0,0,0,0,0,0,0,0,0,0,0,0,0,0,0,0,0,0,0,0,0,0,0,0,0,0,0,0,0,0,0,0,0,0,0,0,0,102.3845,100,630.9095,0,0,0,0,0,0,0,0,0,0,0,0,0,0,0,0,0,,35,717250.3134,717250.3134,581.4851586,77,252.6246719,,1.45,0.97,,,,,
1,0,0,0,0,0,0,0,0,0,0,0,0,0,0,0,0,0,0,0,0,0,0,0,0,0,0,0,0,0,0,0,0,0,0,0,0,0,0,0,0,0,0,0,0,0,0,0,0,0,0,0,0,0,0,0,0,0,0,0,0,0,0,0,0,0,0,0,0,0,0,0,0,0,0,0,0,0,0,0,0,0,0,0,0,0,0,0,0,0,0,0,0,0,0,0,0,0,0,0,0,0,0,0,0,,36,0,0,0,76,249.343832,,1,0.97,,,,,229.6587927
