$Lake Roosevelt Model year 2011-2015,,,
Constituent input file for Columbia River (usbc of branch 1),,,
jday,N2,DO,
1,20.2,12.3,
2,20.3,12.3,
3,20.2,12.3,
4,20.2,12.3,
5,20.2,12.3,
6,20.9,12.3,
7,20.4,12.3,
8,20.2,12.3,
9,20,12.3,
10,20.1,12.3,
11,20.4,12.3,
12,21,12.28,
13,20.9,12.26,
14,21,12.24,
15,20.9,12.22,
16,20.8,12.2,
17,20.9,12.18,
18,22,12.16,
19,21.3,12.14,
20,22,12.12,
21,23,12.1,
22,23.4,12.08,
23,22.5,12.06,
24,22.2,12.04,
25,21.9,12.02,
26,21.6,12,
27,21.8,11.98,
28,21.4,11.96,
29,21.5,11.94,
30,21.4,11.92,
31,21.4,11.9,
32,21.2,11.88,
33,21.1,11.86,
34,21.2,11.84,
35,21.3,11.82,
36,21.2,11.8,
37,21.2,11.78,
38,21.5,11.76,
39,21.2,11.74,
40,22.8,11.72,
41,22.3,11.7,
42,21.8,11.68,
43,22.2,11.66,
44,21.9,11.64,
45,22.3,11.62,
46,22.5,11.6,
47,22.4,11.58,
48,22.2,11.56,
49,22.9,11.54,
50,21.5,11.52,
51,21.6,11.5,
52,22.1,11.48,
53,22.4,11.46,
54,22.3,11.44,
55,21.9,11.42,
56,22.2,11.4,
57,22.1,11.38,
58,22.3,11.36,
59,22.7,11.34,
60,22.1,11.32,
61,22.3,11.3,
62,22.2,11.28,
63,22.1,11.26,
64,22.5,11.24,
65,22.8,11.22,
66,22.7,11.2,
67,22.5,11.18,
68,22.5,11.16,
69,22.7,11.14,
70,22.4,11.12,
71,22.5,11.1,
72,22.2,11.08,
73,22,11.06,
74,22.3,11.04,
75,22.4,11.02,
76,22,11,
77,22.2,10.98,
78,22.2,10.96,
79,22.4,10.94,
80,22.2,10.92,
81,22,10.9,
82,22,10.96,
83,22,11.02,
84,21.8,11.07,
85,21.9,11.13,
86,21.7,11.19,
87,21.6,11.25,
88,21.6,11.3,
89,21.5,11.36,
90,21.5,11.42,
91,22,11.48,
92,21.7,11.53,
93,22.3,11.59,
94,23.8,11.65,
95,23.3,11.71,
96,23.4,11.77,
97,24.1,11.82,
98,24.3,11.88,
99,23.6,11.94,
100,23.3,12,
101,23,12.05,
102,22.9,12.11,
103,23,12.17,
104,22.8,12.23,
105,22,12.29,
106,22.3,12.34,
107,22.1,12.4,
108,22.3,12.46,
109,22.1,12.52,
110,22.2,12.57,
111,22.4,12.63,
112,22.5,12.69,
113,22.5,12.75,
114,22,12.8,
115,21.7,12.86,
116,21.6,12.92,
117,21.5,12.89,
118,20.9,12.87,
119,21,12.84,
120,20.9,12.82,
121,21.1,12.79,
122,21.4,12.77,
123,21.9,12.74,
124,21.5,12.71,
125,21.7,12.69,
126,21.6,12.66,
127,21.3,12.64,
128,21.6,12.61,
129,22.2,12.59,
130,22.9,12.56,
131,23,12.53,
132,22.3,12.51,
133,22.6,12.48,
134,23,12.46,
135,23.7,12.43,
136,22.9,12.41,
137,23.3,12.38,
138,23.6,12.35,
139,23.7,12.33,
140,23.5,12.3,
141,23.6,12.28,
142,23.2,12.25,
143,23.6,12.23,
144,23.4,12.2,
145,23.7,12.18,
146,24,12.16,
147,24.1,12.14,
148,24.5,12.12,
149,24.4,12.1,
150,24.8,12.08,
151,24,12.06,
152,24,12.04,
153,23.8,12.02,
154,23.8,12,
155,23.9,11.98,
156,23.9,11.96,
157,23.8,11.94,
158,23.6,11.92,
159,23.5,11.9,
160,24,11.88,
161,23.9,11.86,
162,23.9,11.84,
163,24.1,11.82,
164,23.9,11.8,
165,24.2,11.78,
166,24.3,11.76,
167,24.3,11.74,
168,24.2,11.72,
169,24.2,11.7,
170,24.3,11.68,
171,24.2,11.66,
172,24.1,11.64,
173,24,11.62,
174,23.7,11.6,
175,23.6,11.58,
176,23.6,11.56,
177,23.5,11.54,
178,24,11.52,
179,23.4,11.5,
180,23.1,11.45,
181,23.4,11.4,
182,23,11.35,
183,22.7,11.3,
184,22.4,11.25,
185,22.4,11.2,
186,22.1,11.15,
187,21.9,11.1,
188,22,11.05,
189,21.7,11,
190,21.7,10.95,
191,21.3,10.9,
192,20.9,10.85,
193,20.9,10.8,
194,20.7,10.75,
195,20.3,10.7,
196,20.6,10.65,
197,20.2,10.6,
198,20.2,10.55,
199,20,10.5,
200,19.6,10.45,
201,19.7,10.4,
202,19.3,10.35,
203,19.3,10.3,
204,19.2,10.25,
205,19,10.2,
206,19,10.15,
207,19.3,10.1,
208,19,10.05,
209,19,9.99,
210,18.8,9.94,
211,18.9,9.89,
212,19,9.83,
213,19,9.78,
214,18.7,9.73,
215,18.2,9.67,
216,18.2,9.62,
217,17.8,9.56,
218,17.7,9.51,
219,18,9.46,
220,17.8,9.4,
221,17.4,9.35,
222,17.4,9.3,
223,17.6,9.24,
224,17.5,9.19,
225,17.5,9.14,
226,17.7,9.08,
227,18,9.03,
228,17.3,8.98,
229,17.1,8.92,
230,17.5,8.87,
231,17.4,8.81,
232,17.3,8.76,
233,17.3,8.71,
234,17.5,8.65,
235,17.6,8.6,
236,17.2,8.62,
237,17.3,8.65,
238,17.6,8.67,
239,17.4,8.69,
240,17.4,8.72,
241,17.3,8.74,
242,17.4,8.77,
243,17.2,8.79,
244,16.6,8.81,
245,16.6,8.84,
246,16.5,8.86,
247,16.7,8.88,
248,16.9,8.91,
249,16.8,8.93,
250,17.1,8.96,
251,16.8,8.98,
252,16.9,9,
253,16.9,9.03,
254,16.8,9.05,
255,16.6,9.07,
256,16.5,9.1,
257,16.3,9.12,
258,16.4,9.15,
259,16.5,9.17,
260,16.6,9.19,
261,16.5,9.22,
262,16.5,9.24,
263,16.5,9.26,
264,16.6,9.29,
265,16.5,9.31,
266,16.6,9.34,
267,17,9.36,
268,17,9.38,
269,16.6,9.41,
270,16.4,9.43,
271,16.7,9.45,
272,17,9.48,
273,16.8,9.5,
274,16.7,9.53,
275,16.7,9.55,
276,16.7,9.57,
277,16.6,9.6,
278,16.5,9.62,
279,16.5,9.65,
280,16.6,9.67,
281,16.7,9.69,
282,16.7,9.72,
283,16.9,9.74,
284,17.2,9.77,
285,17.2,9.79,
286,17.2,9.81,
287,17.4,9.84,
288,17.5,9.86,
289,17.7,9.88,
290,17.5,9.91,
291,17.6,9.93,
292,17.6,9.96,
293,17.4,9.98,
294,17.6,10,
295,17.7,10.03,
296,18.8,10.05,
297,18.1,10.08,
298,18,10.1,
299,18.1,10.15,
300,17.9,10.2,
301,18,10.25,
302,18.1,10.29,
303,18.9,10.34,
304,18.7,10.39,
305,19,10.44,
306,20,10.49,
307,19.9,10.54,
308,20.2,10.59,
309,20.1,10.63,
310,19,10.68,
311,19,10.73,
312,18.9,10.78,
313,19,10.83,
314,19.3,10.88,
315,19.4,10.93,
316,19.8,10.97,
317,19.7,11.02,
318,19.2,11.07,
319,18.7,11.12,
320,19,11.17,
321,19,11.22,
322,19,11.27,
323,19.1,11.31,
324,19.2,11.36,
325,19.2,11.41,
326,19.4,11.46,
327,20.2,11.51,
328,19.5,11.56,
329,19.3,11.61,
330,19.3,11.65,
331,19.4,11.7,
332,19,11.75,
333,19.3,11.8,
334,19,11.8,
335,19.5,11.79,
336,19.3,11.79,
337,19.5,11.79,
338,19.2,11.79,
339,19.4,11.78,
340,19.4,11.78,
341,19.6,11.78,
342,19.5,11.78,
343,19.6,11.77,
344,20,11.77,
345,20.1,11.77,
346,19.8,11.77,
347,20.4,11.76,
348,20.4,11.76,
349,20.4,11.79,
350,20.4,11.82,
351,20.2,11.86,
352,20.4,11.89,
353,19.7,11.92,
354,20.1,11.95,
355,20.7,11.98,
356,20,12.01,
357,20,12.05,
358,20.1,12.08,
359,20.3,12.11,
360,20.1,12.14,
361,20.3,12.17,
362,21.2,12.2,
363,20.6,12.24,
365,20.7,12.27,
366,19.95,12.39,
367,20.18,12.55,
368,20.1,12.52,
369,19.96,12.41,
370,20.18,12.56,
371,20.22,12.57,
372,20.09,12.48,
373,20.02,12.44,
374,20.13,12.52,
375,20.23,12.61,
376,20.02,12.42,
377,20.2,12.56,
378,20.29,12.62,
379,20.6,12.83,
380,20.44,12.72,
381,20.41,12.69,
382,20.64,12.86,
383,20.64,12.86,
384,20.96,13.08,
385,20.87,13.03,
386,21.09,13.2,
387,20.6,12.87,
388,20.61,12.87,
389,20.66,12.9,
390,20.54,12.83,
391,20.45,12.76,
392,20.15,12.54,
393,20.27,12.62,
394,20.59,12.85,
395,20.62,12.89,
396,20.48,12.8,
397,20.41,12.74,
398,20.21,12.62,
399,20.24,12.63,
400,20.37,12.7,
401,20.46,12.76,
402,20.43,12.72,
403,20.53,12.8,
404,20.51,12.78,
405,20.45,12.76,
406,20.53,12.81,
407,20.59,12.86,
408,20.65,12.91,
409,20.82,13.02,
410,20.82,13,
411,20.63,12.86,
412,20.68,12.92,
413,20.84,13.05,
414,20.84,13.04,
415,20.81,13.01,
416,20.76,12.95,
417,20.67,12.89,
418,20.82,13,
419,20.75,12.95,
420,20.71,12.91,
421,20.91,13.08,
422,20.7,12.94,
423,20.84,13,
424,21.05,13.13,
425,21.02,13.12,
426,20.87,13.05,
427,20.61,12.86,
428,20.69,12.92,
429,20.8,13.01,
430,20.99,13.11,
431,20.8,12.95,
432,20.6,12.83,
433,20.55,12.81,
434,20.96,13.07,
435,21.38,13.34,
436,21.7,13.54,
437,21.59,13.45,
438,21.71,13.55,
439,21.47,13.38,
440,21.48,13.4,
441,21.53,13.45,
442,21.68,13.51,
443,21.48,13.38,
444,21.31,13.27,
445,21.44,13.34,
446,21.22,13.2,
447,21.16,13.18,
448,21.19,13.19,
449,21.09,13.11,
450,21.27,13.22,
451,21.17,13.17,
452,21.36,13.32,
453,21.6,13.48,
454,21.56,13.41,
455,21.62,13.49,
456,22.29,13.85,
457,22.13,13.76,
458,21.34,13.24,
459,21.78,13.51,
460,21.86,13.6,
461,21.64,13.43,
462,21.31,13.21,
463,21.12,13.09,
464,20.87,12.91,
465,21.02,13.01,
466,21,13,
467,21.19,13.12,
468,21.24,13.16,
469,21.09,13.03,
470,21.09,13.01,
471,21.31,13.16,
472,21.45,13.24,
473,21.55,13.33,
474,21.75,13.42,
475,22.31,13.77,
476,22.02,13.64,
477,22.05,13.59,
478,22.21,13.72,
479,22.23,13.73,
480,22.36,13.83,
481,22.65,13.96,
482,22.55,13.96,
483,22.77,14.02,
484,22.99,14.09,
485,23.03,14.14,
486,23.07,14.17,
487,23.24,14.3,
488,23.33,14.34,
489,23.18,14.24,
490,23.02,14.18,
491,23.36,14.37,
492,23.33,14.34,
493,23.38,14.37,
494,23.02,14.15,
495,23.01,14.13,
496,22.55,13.76,
497,22.45,13.71,
498,22.49,13.76,
499,22.38,13.68,
500,22.49,13.78,
501,22.36,13.71,
502,22.13,13.53,
503,22.21,13.55,
504,22.06,13.42,
505,21.93,13.35,
506,21.81,13.3,
507,21.78,13.36,
508,22.04,13.53,
509,22.29,13.6,
510,22.35,13.68,
511,22.19,13.56,
512,22.48,13.7,
513,22.51,13.76,
514,22.06,13.49,
515,21.83,13.33,
516,21.6,13.16,
517,21.23,12.96,
518,21.34,13.08,
519,21.33,13.11,
520,21.46,13.07,
521,21.32,13,
522,21.24,13.03,
523,21.71,13.28,
524,22.29,13.6,
525,22.26,13.64,
526,22.56,13.78,
527,22.72,13.93,
528,22.34,13.71,
529,22.22,13.61,
530,22.03,13.54,
531,22.04,13.51,
532,22.02,13.46,
533,22.01,13.43,
534,21.83,13.4,
535,21.95,13.39,
536,22.17,13.56,
537,21.86,13.37,
538,21.91,13.4,
539,21.95,13.44,
540,21.45,13.16,
541,21.67,13.25,
542,21.59,13.18,
543,21.45,13.1,
544,21.5,13.11,
545,21.76,13.28,
546,21.6,13.23,
547,21.78,13.35,
548,21.63,13.29,
549,21.62,13.22,
550,21.28,12.99,
551,21.2,12.91,
552,21.23,12.92,
553,20.97,12.8,
554,20.88,12.76,
555,20.67,12.64,
556,20.53,12.55,
557,20.33,12.38,
558,19.81,12.13,
559,19.82,12.1,
560,19.94,12.19,
561,19.9,12.19,
562,20.1,12.31,
563,19.49,11.91,
564,19.22,11.75,
565,18.88,11.53,
566,19.04,11.61,
567,19.45,11.9,
568,19.49,11.88,
569,19.7,12.04,
570,19.04,11.56,
571,19.55,11.91,
572,19.42,11.86,
573,19.14,11.69,
574,18.88,11.52,
575,18.76,11.4,
576,18.56,11.29,
577,18.53,11.25,
578,18.42,11.19,
579,18.27,11.11,
580,17.99,10.92,
581,17.86,10.81,
582,17.8,10.81,
583,17.72,10.78,
584,17.81,10.87,
585,17.78,10.85,
586,17.75,10.79,
587,17.76,10.73,
588,17.92,10.88,
589,17.79,10.78,
590,17.96,10.9,
591,17.83,10.82,
592,17.93,10.88,
593,17.83,10.78,
594,17.56,10.63,
595,17.34,10.5,
596,17.69,10.73,
597,17.59,10.68,
598,17.48,10.61,
599,17.73,10.75,
600,17.8,10.84,
601,17.72,10.74,
602,17.87,10.81,
603,17.35,10.48,
604,17.17,10.38,
605,17.2,10.41,
606,17.25,10.44,
607,17.46,10.59,
608,17.2,10.39,
609,17.24,10.42,
610,17.33,10.46,
611,16.75,10.11,
612,16.5,9.973,
613,16.38,9.895,
614,16.36,9.883,
615,16.25,9.855,
616,16.28,9.844,
617,16.43,9.936,
618,16.46,10,
619,16.5,9.963,
620,16.39,9.872,
621,16.31,9.835,
622,16.38,9.889,
623,16.52,9.979,
624,16.45,9.947,
625,16.36,9.907,
626,16.25,9.794,
627,16.33,9.866,
628,16.38,9.901,
629,16.32,9.868,
630,16.38,9.915,
631,16.31,9.889,
632,16.34,9.926,
633,16.61,10.07,
634,16.36,9.912,
635,16.45,9.966,
636,16.47,9.972,
637,16.48,9.972,
638,16.42,9.94,
639,16.28,9.856,
640,16.32,9.843,
641,16.32,9.866,
642,16.49,9.938,
643,16.34,9.848,
644,16.31,9.831,
645,16.41,9.889,
646,16.59,10.02,
647,16.56,10,
648,16.55,10.01,
649,16.77,10.15,
650,16.76,10.15,
651,16.85,10.2,
652,16.72,10.15,
653,16.74,10.18,
654,16.83,10.26,
655,16.76,10.24,
656,16.8,10.16,
657,16.86,10.21,
658,17.04,10.34,
659,17.04,10.36,
660,17.03,10.31,
661,17.13,10.38,
662,17.14,10.41,
663,17.26,10.49,
664,17.11,10.41,
665,17.21,10.46,
666,17.28,10.51,
667,17.34,10.56,
668,17.38,10.6,
669,17.57,10.74,
670,17.58,10.76,
671,17.58,10.76,
672,17.42,10.66,
673,17.54,10.74,
674,17.63,10.8,
675,17.7,10.86,
676,17.82,10.89,
677,18,11.01,
678,18.12,11.03,
679,18,10.97,
680,17.91,10.91,
681,17.88,10.88,
682,18,10.98,
683,18.02,11.01,
684,17.92,10.96,
685,18.14,11.11,
686,18.4,11.27,
687,18.62,11.42,
688,18.6,11.43,
689,19.17,11.75,
690,19.06,11.73,
691,18.84,11.59,
692,18.82,11.56,
693,19,11.69,
694,19.51,12,
695,19.49,11.98,
696,19.74,12.13,
697,19.69,12.09,
698,19.03,11.69,
699,19.02,11.7,
700,19.27,11.87,
701,19.29,11.9,
702,19.45,11.98,
703,19.26,11.86,
704,19.27,11.88,
705,19.17,11.83,
706,19.41,11.94,
707,19.69,12.12,
708,19.58,12.05,
709,20.03,12.31,
710,19.79,12.19,
711,20.09,12.39,
712,19.99,12.34,
713,19.86,12.26,
714,19.95,12.32,
715,19.94,12.31,
716,19.79,12.22,
717,19.7,12.16,
718,19.47,12.02,
719,19.6,12.1,
720,19.6,12.11,
721,19.74,12.22,
722,19.96,12.36,
723,19.89,12.32,
724,19.71,12.19,
725,19.68,12.16,
726,19.9,12.31,
727,19.83,12.28,
728,19.75,12.22,
729,19.85,12.29,
730,19.82,12.26,
731,19.7,12.18,
732,19.64,12.14,
733,19.62,12.13,
734,19.59,12.1,
735,19.61,12.11,
736,19.69,12.18,
737,19.81,12.28,
738,19.98,12.39,
739,20.38,12.64,
740,20.28,12.58,
741,20.19,12.54,
742,20.14,12.47,
743,20.2,12.52,
744,20.27,12.56,
745,20.21,12.52,
746,20.28,12.58,
747,21.04,13.07,
748,21.11,13.12,
749,21.28,13.24,
750,21.22,13.19,
751,21.21,13.18,
752,21.17,13.15,
753,21.24,13.19,
754,21.31,13.23,
755,20.32,12.65,
756,20.32,12.64,
757,20.57,12.83,
758,20.46,12.74,
759,20.32,12.63,
760,20.27,12.6,
761,20.34,12.68,
762,20.22,12.6,
763,20.17,12.57,
764,20.15,12.55,
765,20.34,12.66,
766,20.18,12.54,
767,20.47,12.75,
768,20.3,12.63,
769,20.24,12.59,
770,20.27,12.62,
771,20.23,12.56,
772,20.17,12.52,
773,20.16,12.52,
774,20.12,12.51,
775,20.13,12.51,
776,20.03,12.44,
777,19.98,12.41,
778,20.33,12.63,
779,20.28,12.62,
780,20.41,12.69,
781,20.57,12.79,
782,20.45,12.73,
783,20.51,12.74,
784,20.59,12.8,
785,20.37,12.67,
786,20.22,12.56,
787,20.38,12.67,
788,20.26,12.59,
789,20.29,12.61,
790,20.23,12.59,
791,20.22,12.59,
792,20.35,12.68,
793,20.37,12.68,
794,20.34,12.62,
795,20.53,12.74,
796,20.55,12.76,
797,20.37,12.66,
798,20.45,12.73,
799,20.3,12.61,
800,20.26,12.58,
801,20.33,12.62,
802,20.36,12.63,
803,20.32,12.65,
804,20.28,12.64,
805,20.35,12.66,
806,20.34,12.64,
807,20.37,12.64,
808,20.33,12.6,
809,20.28,12.57,
810,20.54,12.74,
811,20.35,12.63,
812,20.31,12.57,
813,20.19,12.5,
814,20.19,12.5,
815,20.25,12.54,
816,20.42,12.64,
817,20.44,12.66,
818,20.39,12.65,
819,20.29,12.6,
820,20.33,12.61,
821,20.36,12.6,
822,20.29,12.55,
823,20.29,12.54,
824,20.27,12.51,
825,20.25,12.5,
826,20.45,12.67,
827,20.87,12.9,
828,21.62,13.31,
829,21.55,13.3,
830,21.99,13.55,
831,22.03,13.57,
832,21.64,13.34,
833,21.58,13.28,
834,21.31,13.16,
835,21.25,13.08,
836,21.15,13.05,
837,20.96,12.9,
838,21.01,12.93,
839,20.73,12.78,
840,20.69,12.79,
841,20.25,12.53,
842,20.25,12.47,
843,20.5,12.59,
844,20.56,12.62,
845,20.73,12.73,
846,20.58,12.64,
847,20.35,12.49,
848,20.39,12.51,
849,20.31,12.47,
850,20.3,12.43,
851,20,12.23,
852,19.91,12.16,
853,20.25,12.38,
854,20.2,12.37,
855,19.97,12.23,
856,20.02,12.25,
857,20.1,12.31,
858,20.34,12.46,
859,20.46,12.54,
860,20.66,12.66,
861,21.13,12.91,
862,21.29,12.98,
863,20.93,12.8,
864,21.12,12.91,
865,21.39,13.02,
866,21.53,13.09,
867,21.69,13.22,
868,21.65,13.21,
869,21.85,13.36,
870,21.71,13.3,
871,21.68,13.25,
872,21.58,13.18,
873,21.36,13.05,
874,22.03,13.44,
875,22.05,13.45,
876,22,13.43,
877,21.94,13.41,
878,21.83,13.36,
879,21.4,13.11,
880,21.52,13.18,
881,21.26,13.02,
882,21.07,12.88,
883,21.09,12.88,
884,21.11,12.89,
885,21.11,12.89,
886,20.84,12.73,
887,20.67,12.62,
888,20.36,12.43,
889,20.32,12.37,
890,20.06,12.16,
891,19.93,12.12,
892,19.83,12.03,
893,19.51,11.83,
894,19.03,11.53,
895,18.91,11.44,
896,18.83,11.42,
897,18.83,11.44,
898,18.88,11.46,
899,18.83,11.45,
900,18.77,11.41,
901,18.93,11.53,
902,19.32,11.79,
903,19.57,11.92,
904,19.69,12.01,
905,20.06,12.24,
906,20,12.21,
907,19.77,12.08,
908,19.79,12.08,
909,19.53,11.91,
910,19.52,11.95,
911,19.37,11.85,
912,19.42,11.88,
913,18.87,11.53,
914,18.81,11.51,
915,18.69,11.4,
916,18.63,11.31,
917,18.88,11.44,
918,18.78,11.43,
919,18.8,11.4,
920,18.63,11.3,
921,18.37,11.18,
922,18.5,11.24,
923,18.45,11.18,
924,18.19,10.99,
925,17.98,10.86,
926,18.12,10.96,
927,17.87,10.82,
928,17.23,10.44,
929,16.89,10.25,
930,16.88,10.29,
931,17,10.34,
932,16.9,10.27,
933,16.84,10.18,
934,16.69,10.12,
935,16.72,10.14,
936,16.49,9.986,
937,16.45,9.959,
938,16.56,10.01,
939,16.63,10.04,
940,16.24,9.805,
941,16.05,9.693,
942,15.95,9.635,
943,16.04,9.694,
944,16.14,9.767,
945,16.27,9.887,
946,16.45,10.01,
947,16.26,9.9,
948,16.2,9.864,
949,16.09,9.77,
950,15.97,9.705,
951,15.73,9.526,
952,15.6,9.432,
953,15.65,9.484,
954,15.73,9.532,
955,15.83,9.59,
956,15.77,9.545,
957,16.03,9.679,
958,15.81,9.564,
959,15.83,9.577,
960,15.7,9.495,
961,16.11,9.732,
962,16.01,9.669,
963,15.97,9.634,
964,15.95,9.596,
965,15.87,9.554,
966,15.71,9.474,
967,15.77,9.573,
968,15.66,9.464,
969,15.58,9.445,
970,15.92,9.647,
971,16.22,9.833,
972,15.84,9.599,
973,15.64,9.471,
974,15.75,9.511,
975,15.77,9.503,
976,15.67,9.458,
977,15.64,9.484,
978,15.79,9.582,
979,15.77,9.569,
980,15.57,9.451,
981,15.67,9.511,
982,15.9,9.654,
983,15.87,9.651,
984,15.84,9.63,
985,15.79,9.564,
986,15.75,9.546,
987,15.82,9.585,
988,15.85,9.614,
989,15.99,9.698,
990,15.98,9.718,
991,16.08,9.756,
992,16.1,9.78,
993,16.08,9.721,
994,16.4,9.922,
995,16.56,10.03,
996,16.34,9.897,
997,16.03,9.714,
998,16.21,9.814,
999,16.32,9.882,
1000,16.25,9.855,
1001,16.28,9.842,
1002,16.33,9.885,
1003,16.11,9.804,
1004,16.03,9.725,
1005,16.52,10.02,
1006,16.51,9.993,
1007,16.59,10.05,
1008,16.48,9.98,
1009,16.62,10.06,
1010,16.71,10.13,
1011,16.89,10.24,
1012,16.96,10.3,
1013,17.06,10.35,
1014,17.11,10.39,
1015,17.13,10.38,
1016,17.09,10.36,
1017,17.05,10.34,
1018,17.03,10.33,
1019,17.2,10.43,
1020,17.34,10.54,
1021,17.35,10.54,
1022,17.36,10.54,
1023,17.58,10.68,
1024,17.63,10.72,
1025,17.54,10.68,
1026,17.51,10.66,
1027,17.47,10.65,
1028,17.49,10.67,
1029,17.53,10.68,
1030,17.54,10.68,
1031,17.63,10.74,
1032,17.98,10.92,
1033,18.14,11.02,
1034,18.11,11,
1035,18.14,11.04,
1036,18.15,11.06,
1037,18.49,11.29,
1038,18.2,11.11,
1039,18.52,11.3,
1040,18.24,11.13,
1041,17.98,10.99,
1042,18.2,11.13,
1043,18.33,11.24,
1044,18.27,11.19,
1045,18.29,11.22,
1046,18.34,11.25,
1047,18.22,11.16,
1048,18.15,11.13,
1049,18.48,11.35,
1050,18.63,11.41,
1051,18.78,11.52,
1052,18.64,11.42,
1053,18.54,11.38,
1054,18.79,11.56,
1055,18.51,11.32,
1056,18.67,11.43,
1057,18.7,11.47,
1058,18.69,11.46,
1059,18.83,11.56,
1060,18.69,11.47,
1061,18.81,11.55,
1062,18.86,11.58,
1063,18.97,11.67,
1064,18.95,11.65,
1065,18.97,11.68,
1066,19.21,11.83,
1067,19.4,11.96,
1068,19.34,11.92,
1069,19.29,11.87,
1070,19.39,11.93,
1071,19.29,11.87,
1072,19.51,12.02,
1073,19.41,11.96,
1074,19.69,12.17,
1075,19.58,12.09,
1076,19.77,12.23,
1077,19.75,12.23,
1078,19.57,12.11,
1079,19.73,12.22,
1080,20.02,12.44,
1081,19.79,12.29,
1082,20.01,12.43,
1083,19.94,12.36,
1084,20.22,12.55,
1085,20.21,12.52,
1086,20.16,12.51,
1087,20.35,12.66,
1088,20.47,12.76,
1089,20.15,12.57,
1090,20.2,12.59,
1091,20.25,12.62,
1092,20.28,12.62,
1093,19.96,12.41,
1094,20.24,12.6,
1095,20.47,12.77,
1096,20.21,12.58,
1097,20.03,12.46,
1098,20.3,12.63,
1099,20.38,12.69,
1100,20.2,12.54,
1101,20.2,12.56,
1102,20.47,12.75,
1103,20.44,12.71,
1104,20.41,12.7,
1105,20.47,12.75,
1106,20.55,12.82,
1107,20.67,12.89,
1108,20.5,12.79,
1109,20.28,12.65,
1110,20.31,12.68,
1111,20.07,12.5,
1112,20.06,12.49,
1113,20.22,12.58,
1114,20.18,12.55,
1115,20.29,12.63,
1116,20.34,12.67,
1117,20.43,12.72,
1118,20.31,12.64,
1119,20.18,12.56,
1120,20.19,12.57,
1121,20.27,12.62,
1122,20.3,12.63,
1123,20.3,12.62,
1124,20.28,12.62,
1125,20.49,12.74,
1126,20.44,12.72,
1127,20.37,12.68,
1128,20.35,12.65,
1129,20.51,12.75,
1130,20.61,12.84,
1131,20.54,12.8,
1132,20.42,12.71,
1133,20.9,13.05,
1134,20.96,13.09,
1135,20.89,13.06,
1136,20.89,13.07,
1137,20.99,13.16,
1138,21.09,13.24,
1139,21.5,13.56,
1140,20.98,13.15,
1141,21.2,13.28,
1142,21.32,13.38,
1143,21.4,13.45,
1144,21.54,13.53,
1145,21.51,13.53,
1146,21.43,13.46,
1147,21.11,13.2,
1148,20.77,12.98,
1149,20.91,13.07,
1150,20.63,12.88,
1151,20.63,12.91,
1152,20.92,13.15,
1153,20.79,13.01,
1154,21.16,13.25,
1155,21.11,13.21,
1156,20.9,13.05,
1157,21.08,13.19,
1158,21.2,13.3,
1159,21.29,13.39,
1160,21.43,13.47,
1161,21.32,13.4,
1162,21.03,13.2,
1163,21.01,13.15,
1164,21.37,13.43,
1165,21.39,13.45,
1166,21.15,13.26,
1167,21.32,13.35,
1168,21.41,13.39,
1169,21.32,13.33,
1170,21.16,13.23,
1171,21.71,13.57,
1172,21.71,13.56,
1173,22.14,13.77,
1174,21.72,13.51,
1175,21.29,13.27,
1176,21.14,13.14,
1177,21.02,13.05,
1178,20.95,13.04,
1179,20.99,13.04,
1180,21.3,13.24,
1181,21.39,13.3,
1182,21.19,13.16,
1183,21.06,13.11,
1184,21.15,13.18,
1185,20.99,13.03,
1186,21.05,13.06,
1187,21.06,13.06,
1188,21,13,
1189,20.73,12.82,
1190,20.79,12.87,
1191,20.9,12.91,
1192,20.84,12.91,
1193,20.72,12.8,
1194,20.78,12.85,
1195,20.77,12.84,
1196,20.7,12.76,
1197,20.7,12.75,
1198,20.59,12.68,
1199,20.48,12.61,
1200,21.26,13.08,
1201,21.48,13.2,
1202,21.07,12.95,
1203,21.3,13.15,
1204,21.16,13.08,
1205,21.07,12.96,
1206,21.36,13.15,
1207,21.37,13.13,
1208,21.69,13.39,
1209,21.52,13.26,
1210,21.47,13.24,
1211,21.72,13.41,
1212,21.86,13.52,
1213,21.95,13.54,
1214,21.87,13.5,
1215,21.92,13.51,
1216,22.06,13.59,
1217,22.02,13.56,
1218,21.96,13.53,
1219,22.41,13.77,
1220,22.11,13.59,
1221,22.02,13.54,
1222,22.17,13.63,
1223,22.25,13.66,
1224,22.5,13.76,
1225,22.2,13.66,
1226,22.16,13.59,
1227,22.18,13.62,
1228,22.23,13.6,
1229,22.14,13.55,
1230,22.07,13.55,
1231,22.07,13.54,
1232,21.85,13.4,
1233,21.75,13.38,
1234,21.9,13.42,
1235,21.83,13.36,
1236,21.75,13.3,
1237,21.89,13.39,
1238,22.08,13.51,
1239,22.15,13.56,
1240,21.95,13.43,
1241,21.81,13.34,
1242,22,13.49,
1243,21.9,13.35,
1244,21.92,13.34,
1245,21.66,13.23,
1246,22.01,13.45,
1247,22.27,13.59,
1248,22.36,13.65,
1249,22.31,13.64,
1250,21.91,13.37,
1251,21.86,13.36,
1252,21.8,13.23,
1253,21.62,13.12,
1254,21.55,13.08,
1255,21.41,13.02,
1256,21.04,12.77,
1257,20.81,12.64,
1258,20.55,12.47,
1259,20.51,12.48,
1260,20.18,12.31,
1261,20.24,12.34,
1262,20.26,12.38,
1263,20.19,12.31,
1264,20.5,12.47,
1265,20.58,12.58,
1266,20.91,12.79,
1267,20.9,12.75,
1268,20.92,12.71,
1269,20.61,12.55,
1270,20.51,12.48,
1271,20.11,12.25,
1272,20.12,12.27,
1273,19.88,12.09,
1274,19.46,11.89,
1275,19.51,11.9,
1276,19.73,12.02,
1277,19.88,12.1,
1278,19.83,12.08,
1279,19.54,11.91,
1280,19.31,11.8,
1281,19.25,11.66,
1282,19.18,11.66,
1283,19.09,11.58,
1284,18.74,11.4,
1285,18.15,11.02,
1286,17.84,10.85,
1287,18.09,10.96,
1288,17.43,10.54,
1289,17.11,10.35,
1290,17.62,10.67,
1291,17.62,10.7,
1292,17.49,10.65,
1293,17.34,10.53,
1294,17.31,10.48,
1295,17.3,10.49,
1296,16.98,10.29,
1297,16.52,10.02,
1298,16.49,9.951,
1299,16.39,9.914,
1300,16.56,10.05,
1301,16.43,9.969,
1302,17.09,10.38,
1303,17.14,10.43,
1304,16.65,10.1,
1305,16.57,10.05,
1306,16.53,10.03,
1307,16.51,10.01,
1308,16.52,9.999,
1309,16.53,10.01,
1310,16.68,10.1,
1311,16.55,10.06,
1312,16.66,10.12,
1313,16.75,10.21,
1314,16.66,10.1,
1315,16.68,10.1,
1316,16.7,10.13,
1317,16.87,10.22,
1318,16.3,9.857,
1319,16.21,9.788,
1320,16.13,9.758,
1321,16.21,9.889,
1322,16.19,9.827,
1323,16.56,10.1,
1324,16.53,10.08,
1325,16.53,10.11,
1326,16.27,9.91,
1327,16.07,9.762,
1328,15.95,9.701,
1329,15.76,9.554,
1330,15.78,9.547,
1331,15.98,9.702,
1332,15.56,9.416,
1333,15.71,9.511,
1334,15.91,9.64,
1335,15.96,9.675,
1336,16.23,9.842,
1337,16.21,9.831,
1338,15.83,9.564,
1339,15.68,9.455,
1340,15.81,9.563,
1341,15.79,9.526,
1342,15.75,9.545,
1343,15.79,9.551,
1344,15.68,9.477,
1345,15.78,9.533,
1346,15.89,9.613,
1347,15.86,9.564,
1348,15.74,9.503,
1349,15.45,9.308,
1350,15.77,9.494,
1351,15.86,9.541,
1352,15.98,9.626,
1353,16,9.649,
1354,16.11,9.717,
1355,16.12,9.735,
1356,16.15,9.787,
1357,16.1,9.766,
1358,16,9.73,
1359,15.9,9.633,
1360,16.13,9.758,
1361,16.21,9.819,
1362,16.07,9.768,
1363,15.98,9.748,
1364,16.3,9.933,
1365,16.4,9.963,
1366,16.48,10.01,
1367,16.55,10.05,
1368,16.56,10.04,
1369,16.55,10.03,
1370,16.4,9.91,
1371,16.34,9.876,
1372,16.22,9.779,
1373,16.29,9.848,
1374,16.44,9.954,
1375,16.5,10,
1376,16.55,10.06,
1377,16.56,10.05,
1378,16.56,10.05,
1379,16.62,10.07,
1380,16.66,10.1,
1381,16.65,10.08,
1382,16.75,10.14,
1383,16.77,10.15,
1384,16.71,10.15,
1385,16.75,10.17,
1386,16.77,10.16,
1387,16.78,10.2,
1388,16.93,10.3,
1389,17.11,10.4,
1390,17.13,10.44,
1391,17.89,10.87,
1392,17.14,10.45,
1393,17.22,10.46,
1394,17.56,10.68,
1395,17.46,10.66,
1396,17.37,10.57,
1397,17.46,10.6,
1398,17.49,10.65,
1399,17.63,10.75,
1400,17.88,10.91,
1401,17.78,10.88,
1402,17.7,10.77,
1403,17.63,10.74,
1404,17.6,10.75,
1405,17.46,10.66,
1406,17.6,10.76,
1407,17.5,10.69,
1408,17.68,10.78,
1409,17.89,10.92,
1410,17.82,10.86,
1411,17.69,10.78,
1412,17.98,10.94,
1413,18.22,11.1,
1414,18.32,11.17,
1415,18.28,11.16,
1416,18.21,11.11,
1417,18.29,11.17,
1418,18.4,11.24,
1419,18.59,11.38,
1420,18.65,11.42,
1421,18.71,11.47,
1422,18.86,11.58,
1423,18.77,11.53,
1424,18.72,11.51,
1425,18.76,11.53,
1426,19.4,11.97,
1427,19.94,12.32,
1428,19.63,12.1,
1429,19.48,11.99,
1430,19.43,11.96,
1431,20.16,12.44,
1432,19.81,12.21,
1433,19.88,12.26,
1434,19.91,12.29,
1435,20.31,12.56,
1436,20.22,12.5,
1437,19.27,11.91,
1438,19.5,12.08,
1439,19.69,12.2,
1440,19.93,12.36,
1441,20.11,12.49,
1442,20.07,12.47,
1443,19.97,12.4,
1444,19.79,12.25,
1445,19.92,12.32,
1446,20.12,12.45,
1447,20.04,12.4,
1448,20.03,12.41,
1449,20.08,12.45,
1450,20.25,12.55,
1451,20.17,12.5,
1452,20.03,12.42,
1453,20.1,12.46,
1454,20.33,12.61,
1455,20.21,12.53,
1456,20.09,12.45,
1457,20.34,12.62,
1458,20.33,12.62,
1459,20.01,12.42,
1460,20.04,12.41,
1461,20.06,12.44,
1462,20.25,12.57,
1463,20.42,12.7,
1464,20.42,12.71,
1465,20.32,12.65,
1466,20.49,12.79,
1467,20.48,12.81,
1468,20.59,12.9,
1469,20.67,12.95,
1470,20.82,13.04,
1471,20.62,12.87,
1472,20.35,12.68,
1473,20.23,12.59,
1474,20.4,12.72,
1475,20.4,12.72,
1476,20.65,12.87,
1477,20.82,12.99,
1478,20.82,13,
1479,20.93,13.07,
1480,20.62,12.85,
1481,20.48,12.77,
1482,20.41,12.72,
1483,20.31,12.63,
1484,20.47,12.78,
1485,20.8,13,
1486,20.69,12.92,
1487,20.58,12.84,
1488,20.59,12.84,
1489,20.33,12.67,
1490,20.47,12.76,
1491,20.52,12.77,
1492,20.45,12.73,
1493,20.51,12.76,
1494,20.63,12.85,
1495,20.58,12.82,
1496,20.59,12.82,
1497,20.69,12.89,
1498,20.78,12.97,
1499,20.78,12.99,
1500,20.7,12.93,
1501,20.84,13.02,
1502,21.34,13.33,
1503,21.92,13.68,
1504,22.5,14.02,
1505,22.09,13.76,
1506,22.58,14.06,
1507,22.69,14.09,
1508,22.82,14.17,
1509,22.36,13.87,
1510,22,13.65,
1511,21.74,13.51,
1512,22.01,13.68,
1513,21.84,13.57,
1514,21.58,13.39,
1515,21.54,13.38,
1516,21.92,13.62,
1517,21.43,13.32,
1518,22.08,13.73,
1519,21.88,13.61,
1520,21.52,13.38,
1521,21.22,13.18,
1522,21.01,13.05,
1523,20.77,12.91,
1524,20.7,12.85,
1525,20.68,12.85,
1526,20.64,12.83,
1527,20.65,12.85,
1528,20.76,12.92,
1529,20.73,12.9,
1530,20.76,12.91,
1531,20.77,12.91,
1532,20.55,12.8,
1533,20.56,12.76,
1534,20.59,12.79,
1535,20.47,12.71,
1536,20.31,12.62,
1537,20.48,12.71,
1538,20.4,12.68,
1539,20.25,12.55,
1540,20.66,12.83,
1541,20.69,12.86,
1542,20.85,12.92,
1543,21.2,13.15,
1544,20.95,12.98,
1545,20.76,12.85,
1546,20.79,12.88,
1547,21.27,13.19,
1548,21.37,13.28,
1549,21.33,13.19,
1550,21.28,13.18,
1551,21.21,13.11,
1552,21.32,13.13,
1553,20.86,12.86,
1554,20.85,12.83,
1555,20.38,12.56,
1556,20.53,12.65,
1557,20.37,12.54,
1558,20.35,12.56,
1559,20.69,12.76,
1560,20.75,12.77,
1561,20.92,12.88,
1562,20.42,12.57,
1563,20.07,12.33,
1564,20.28,12.46,
1565,20.22,12.45,
1566,20.32,12.49,
1567,20.35,12.5,
1568,20.42,12.56,
1569,20.3,12.46,
1570,20.43,12.53,
1571,20.3,12.46,
1572,20.02,12.3,
1573,19.68,12.07,
1574,19.5,11.92,
1575,19.45,11.92,
1576,19.28,11.8,
1577,19.16,11.74,
1578,19.05,11.66,
1579,19.17,11.75,
1580,19.09,11.7,
1581,19.2,11.73,
1582,19.33,11.85,
1583,19.38,11.83,
1584,19.14,11.68,
1585,19.18,11.71,
1586,19.07,11.65,
1587,18.78,11.46,
1588,19.01,11.6,
1589,18.84,11.48,
1590,18.79,11.45,
1591,18.73,11.42,
1592,18.66,11.37,
1593,18.94,11.55,
1594,19.05,11.67,
1595,19.01,11.66,
1596,19.13,11.71,
1597,19.02,11.63,
1598,18.63,11.43,
1599,18.69,11.43,
1600,18.64,11.36,
1601,18.68,11.38,
1602,18.88,11.51,
1603,19.01,11.58,
1604,18.42,11.24,
1605,18.36,11.16,
1606,18.31,11.2,
1607,17.96,10.94,
1608,18.13,11.06,
1609,17.97,10.95,
1610,18.13,11.07,
1611,18.09,11.05,
1612,18.4,11.26,
1613,18.11,11.06,
1614,18.16,11.11,
1615,18.3,11.19,
1616,18.56,11.35,
1617,18.64,11.38,
1618,18.11,11.04,
1619,18.02,10.99,
1620,17.99,10.98,
1621,18.11,11.01,
1622,18.14,11.03,
1623,17.71,10.75,
1624,17.47,10.56,
1625,17.25,10.39,
1626,17.34,10.47,
1627,17.3,10.46,
1628,17.38,10.51,
1629,17.39,10.55,
1630,17.64,10.67,
1631,17.7,10.74,
1632,17.47,10.54,
1633,17.28,10.43,
1634,17.28,10.45,
1635,17.15,10.38,
1636,17.48,10.6,
1637,17.47,10.61,
1638,17.39,10.55,
1639,17.44,10.59,
1640,17.54,10.67,
1641,17.29,10.52,
1642,17.22,10.48,
1643,17.3,10.49,
1644,17.38,10.51,
1645,17.24,10.45,
1646,17.15,10.38,
1647,17.34,10.41,
1648,17.02,10.26,
1649,17.31,10.49,
1650,17.44,10.58,
1651,17.62,10.66,
1652,17.35,10.52,
1653,17.28,10.51,
1654,17.02,10.34,
1655,17.28,10.49,
1656,17.3,10.51,
1657,17.23,10.42,
1658,17,10.26,
1659,16.73,10.07,
1660,16.64,10.03,
1661,16.68,10.08,
1662,17.01,10.29,
1663,17.15,10.36,
1664,17.4,10.49,
1665,16.8,10.14,
1666,16.4,9.892,
1667,16.44,9.951,
1668,16.2,9.803,
1669,16.03,9.694,
1670,16.13,9.734,
1671,16.15,9.764,
1672,16.2,9.773,
1673,16.33,9.843,
1674,16.43,9.903,
1675,16.57,9.988,
1676,16.4,9.91,
1677,16.41,9.975,
1678,16.58,10.03,
1679,16.55,9.996,
1680,16.12,9.714,
1681,16.38,9.875,
1682,16.48,9.952,
1683,16.64,10.1,
1684,16.74,10.22,
1685,16.71,10.11,
1686,16.71,10.11,
1687,16.61,10.05,
1688,16.43,9.948,
1689,16.64,10.12,
1690,16.2,9.776,
1691,16.23,9.783,
1692,16.37,9.883,
1693,16.46,9.936,
1694,16.35,9.885,
1695,16.46,9.95,
1696,16.41,9.878,
1697,16.49,9.941,
1698,16.62,10.05,
1699,16.58,10.01,
1700,16.44,9.939,
1701,16.46,9.953,
1702,16.61,10.07,
1703,16.5,10.01,
1704,16.59,10.06,
1705,16.93,10.3,
1706,17.19,10.45,
1707,17.32,10.48,
1708,16.83,10.18,
1709,16.54,10.02,
1710,16.35,9.92,
1711,16.33,9.877,
1712,16.3,9.871,
1713,16.69,10.15,
1714,16.74,10.17,
1715,16.66,10.12,
1716,16.62,10.09,
1717,16.69,10.12,
1718,16.64,10.05,
1719,16.62,10.08,
1720,16.6,10.05,
1721,16.69,10.09,
1722,17.05,10.35,
1723,17.13,10.4,
1724,17.38,10.59,
1725,17.25,10.52,
1726,17.29,10.48,
1727,16.98,10.28,
1728,16.73,10.11,
1729,16.94,10.25,
1730,16.87,10.25,
1731,16.87,10.19,
1732,16.58,10.02,
1733,16.65,10.06,
1734,16.66,10.07,
1735,16.48,9.966,
1736,16.46,9.97,
1737,16.46,10.03,
1738,16.64,10.09,
1739,16.64,10.08,
1740,16.51,10,
1741,16.51,10.02,
1742,16.4,9.997,
1743,16.43,10.01,
1744,16.75,10.21,
1745,16.8,10.2,
1746,16.54,10.01,
1747,16.56,10.03,
1748,16.69,10.12,
1749,16.77,10.16,
1750,16.77,10.16,
1751,16.73,10.14,
1752,16.86,10.23,
1753,16.89,10.31,
1754,16.77,10.24,
1755,16.85,10.22,
1756,17.07,10.36,
1757,17.14,10.4,
1758,17.03,10.32,
1759,17,10.32,
1760,17.15,10.42,
1761,17.04,10.38,
1762,17.15,10.43,
1763,17.12,10.43,
1764,17.27,10.52,
1765,17.25,10.53,
1766,17.36,10.59,
1767,17.3,10.53,
1768,17.39,10.59,
1769,17.43,10.59,
1770,17.31,10.53,
1771,17.3,10.53,
1772,17.48,10.65,
1773,17.64,10.78,
1774,18.14,11.12,
1775,17.75,10.82,
1776,17.71,10.81,
1777,17.62,10.74,
1778,17.9,10.96,
1779,18,11.04,
1780,18.25,11.2,
1781,17.89,10.93,
1782,18.21,11.15,
1783,18.1,11.04,
1784,18.22,11.15,
1785,18.06,11.04,
1786,18.2,11.13,
1787,18.38,11.24,
1788,18.57,11.37,
1789,18.53,11.37,
1790,18.44,11.31,
1791,18.34,11.24,
1792,18.47,11.33,
1793,18.54,11.37,
1794,18.61,11.42,
1795,18.75,11.52,
1796,18.81,11.55,
1797,18.98,11.68,
1798,19.09,11.76,
1799,19.01,11.71,
1800,18.93,11.68,
1801,19.28,11.91,
1802,19.22,11.85,
1803,19.17,11.82,
1804,19.62,12.14,
1805,19.85,12.26,
1806,19.61,12.14,
1807,19.82,12.27,
1808,19.98,12.37,
1809,19.63,12.14,
1810,19.44,11.98,
1811,19.44,11.99,
1812,19.55,12.04,
1813,19.76,12.2,
1814,19.61,12.12,
1815,19.82,12.26,
1816,20.06,12.42,
1817,19.82,12.25,
1818,19.85,12.26,
1819,19.7,12.18,
1820,19.5,12.05,
1821,19.45,12.02,
1822,19.54,12.1,
1823,19.61,12.16,
1824,19.51,12.07,
1825,19.41,11.99,
1826,19.32,11.95,
1827,19.44,12.01,
