$Spokane River at Long Lake (USGS 12433000)   1/1/2011 - 12/31/2015,,
,,
JDAY,QIN,
1,233.33,
2,230.78,
3,225.69,
4,209.83,
5,209.83,
6,202.75,
7,199.63,
8,199.63,
9,199.63,
10,199.63,
11,199.63,
12,199.63,
13,199.63,
14,248.62,
15,302.99,
16,345.47,
17,498.38,
18,665.45,
19,719.25,
20,724.91,
21,699.43,
22,628.63,
23,628.63,
24,656.95,
25,671.11,
26,656.95,
27,608.81,
28,569.17,
29,492.71,
30,481.39,
31,489.88,
32,489.88,
33,470.06,
34,447.41,
35,413.43,
36,382.28,
37,368.12,
38,368.12,
39,351.13,
40,322.81,
41,311.49,
42,294.5,
43,280.05,
44,273.26,
45,252.3,
46,252.3,
47,252.59,
48,255.98,
49,252.3,
50,241.54,
51,220.31,
52,220.31,
53,220.31,
54,219.17,
55,215.21,
56,189.72,
57,189.72,
58,189.72,
59,189.72,
60,189.72,
61,189.72,
62,189.72,
63,189.72,
64,189.72,
65,197.93,
66,189.72,
67,189.72,
68,189.72,
69,231.35,
70,311.49,
71,274.67,
72,266.46,
73,288.83,
74,311.49,
75,393.6,
76,376.61,
77,387.94,
78,393.6,
79,419.09,
80,399.27,
81,461.56,
82,433.25,
83,407.76,
84,396.44,
85,396.44,
86,421.92,
87,419.09,
88,407.76,
89,424.75,
90,475.72,
91,484.22,
92,546.52,
93,622.97,
94,679.6,
95,750.4,
96,792.87,
97,775.88,
98,736.24,
99,758.89,
100,724.91,
101,654.12,
102,549.35,
103,495.54,
104,538.02,
105,526.69,
106,529.53,
107,532.36,
108,521.03,
109,518.2,
110,509.7,
111,504.04,
112,492.71,
113,478.55,
114,464.4,
115,455.9,
116,467.23,
117,492.71,
118,512.53,
119,509.7,
120,509.7,
121,509.7,
122,495.54,
123,495.54,
124,492.71,
125,484.22,
126,484.22,
127,487.05,
128,504.04,
129,543.68,
130,588.99,
131,654.12,
132,467.23,
133,597.49,
134,656.95,
135,673.94,
136,753.23,
137,906.14,
138,934.46,
139,920.3,
140,906.14,
141,891.98,
142,886.32,
143,889.15,
144,934.46,
145,937.29,
146,940.12,
147,942.95,
148,934.46,
149,925.96,
150,906.14,
151,866.5,
152,841.01,
153,849.51,
154,824.02,
155,815.53,
156,790.04,
157,778.71,
158,773.05,
159,744.73,
160,767.39,
161,764.55,
162,761.72,
163,747.56,
164,736.24,
165,724.91,
166,713.58,
167,705.09,
168,676.77,
169,668.28,
170,648.46,
171,634.3,
172,605.98,
173,603.15,
174,580.5,
175,586.16,
176,577.66,
177,577.66,
178,538.02,
179,529.53,
180,487.05,
181,458.73,
182,404.93,
183,382.28,
184,319.98,
185,308.65,
186,322.81,
187,345.47,
188,339.8,
189,325.64,
190,317.15,
191,271.28,
192,235.6,
193,241.83,
194,238.71,
195,225.97,
196,227.67,
197,198.5,
198,189.72,
199,182.36,
200,161.69,
201,165.65,
202,158.29,
203,160.84,
204,151.78,
205,150.93,
206,149.23,
207,131.96,
208,131.96,
209,126.86,
210,101.66,
211,119.5,
212,108.74,
213,102.51,
214,95.14,
215,104.49,
216,98.83,
217,92.88,
218,89.76,
219,89.48,
220,86.08,
221,86.93,
222,82.69,
223,78.15,
224,74.47,
225,73.06,
226,70.23,
227,68.53,
228,67.11,
229,69.94,
230,62.86,
231,62.3,
232,70.23,
233,67.11,
234,65.13,
235,61.73,
236,62.3,
237,60.6,
238,55.22,
239,50.4,
240,67.11,
241,50.4,
242,60.31,
243,57.48,
244,56.35,
245,58.9,
246,56.07,
247,53.52,
248,50.97,
249,53.8,
250,64,
251,65.7,
252,62.01,
253,61.16,
254,59.47,
255,61.45,
256,57.48,
257,57.77,
258,59.75,
259,71.36,
260,58.33,
261,63.43,
262,56.92,
263,63.43,
264,60.6,
265,64.56,
266,68.24,
267,61.45,
268,69.09,
269,64.85,
270,65.7,
271,61.73,
272,65.7,
273,64.56,
274,73.43,
275,74.89,
276,74.6,
277,75.18,
278,78.98,
279,77.81,
280,78.11,
281,77.81,
282,77.81,
283,78.11,
284,77.81,
285,78.69,
286,79.27,
287,78.98,
288,80.15,
289,79.86,
290,79.57,
291,80.44,
292,80.15,
293,80.74,
294,82.2,
295,87.75,
296,89.21,
297,89.5,
298,89.8,
299,90.09,
300,89.8,
301,92.13,
302,100.02,
303,101.48,
304,102.07,
305,102.36,
306,107.33,
307,116.1,
308,116.68,
309,116.39,
310,117.85,
311,118.14,
312,112,
313,111.71,
314,111.42,
315,111.42,
316,112.3,
317,112.59,
318,110.54,
319,105.87,
320,105.87,
321,105.58,
322,106.74,
323,105.87,
324,106.16,
325,105.87,
326,106.45,
327,111.13,
328,120.48,
329,120.77,
330,121.06,
331,117.56,
332,108.21,
333,106.74,
334,107.33,
335,107.04,
336,108.5,
337,107.33,
338,107.04,
339,107.62,
340,107.04,
341,107.33,
342,107.62,
343,110.54,
344,123.11,
345,124.57,
346,124.28,
347,123.99,
348,124.57,
349,124.86,
350,124.57,
351,124.86,
352,124.86,
353,124.86,
354,123.99,
355,121.06,
356,120.48,
357,114.34,
358,110.54,
359,107.62,
360,104.41,
361,101.48,
362,101.19,
363,102.95,
364,111.71,
365,115.22,
366,116.382129821293,
367,133.655389965085,
368,136.203903756792,
369,118.081139015764,
370,114.683120626821,
371,124.87717579365,
372,100.807878871971,
373,118.081139015764,
374,138.186081150342,
375,132.522717168771,
376,152.910827502428,
377,156.308845891371,
378,154.6098366969,
379,107.0375792517,
380,111.568270436957,
381,129.124698779828,
382,122.8949984001,
383,139.318753946657,
384,133.372221766007,
385,127.425689585357,
386,98.5425332793426,
387,97.1266922839497,
388,133.655389965085,
389,117.231634418528,
390,108.453420247093,
391,117.797970816685,
392,121.762325603785,
393,97.6930286821069,
394,98.8257014784212,
395,129.974203377064,
396,167.069237456357,
397,149.229640914407,
398,167.069237456357,
399,156.875182289528,
400,130.257371576143,
401,146.114790724542,
402,134.221726363242,
403,136.203903756792,
404,137.053408354028,
405,131.106876173378,
406,121.479157404707,
407,110.152429441564,
408,117.231634418528,
409,115.249457024978,
410,115.532625224057,
411,132.522717168771,
412,135.637567358635,
413,124.310839395493,
414,104.772233659071,
415,121.195989205628,
416,127.708857784435,
417,122.328662001943,
418,131.106876173378,
419,163.671219067414,
420,173.865274234242,
421,169.334583048985,
422,170.4672558453,
423,171.316760442535,
424,163.671219067414,
425,171.883096840692,
426,169.334583048985,
427,167.635573854514,
428,169.334583048985,
429,158.574191484,
430,169.334583048985,
431,176.41378802595,
432,175.847451627792,
433,148.66330451625,
434,169.334583048985,
435,169.334583048985,
436,169.334583048985,
437,173.298937836085,
438,180.944479211207,
439,180.944479211207,
440,180.944479211207,
441,182.926656604757,
442,184.908833998307,
443,185.475170396464,
444,188.590020586328,
445,189.722693382642,
446,302.989973014071,
447,382.27706875607,
448,396.435478709999,
449,387.940432737642,
450,370.950340792928,
451,402.09884269157,
452,492.712666396713,
453,475.722574451999,
454,487.049302415142,
455,580.49480811107,
456,784.375911447641,
457,801.366003392355,
458,818.356095337069,
459,821.187777327855,
460,821.187777327855,
461,818.356095337069,
462,784.375911447641,
463,747.564045567427,
464,685.267041770141,
465,628.633401954427,
466,617.306673991284,
467,588.989854083427,
468,583.326490101856,
469,586.158172092641,
470,597.484900055784,
471,614.474992000498,
472,620.13835598207,
473,614.474992000498,
474,625.801719963641,
475,620.13835598207,
476,625.801719963641,
477,628.633401954427,
478,685.267041770141,
479,688.098723760927,
480,750.395727558212,
481,838.177869272569,
482,917.464965014569,
483,1013.74215270128,
484,1042.05897260914,
485,1042.05897260914,
486,1008.07878871971,
487,982.59365080264,
488,962.77187686714,
489,942.95010293164,
490,951.445148903997,
491,911.801601032998,
492,863.663007189641,
493,764.554137512141,
494,719.247225659569,
495,648.455175889927,
496,659.78190385307,
497,710.752179687212,
498,688.098723760927,
499,645.623493899141,
500,620.13835598207,
501,600.31658204657,
502,603.148264037355,
503,594.653218064998,
504,600.31658204657,
505,597.484900055784,
506,594.653218064998,
507,586.158172092641,
508,563.504716166356,
509,569.168080147927,
510,569.168080147927,
511,560.67303417557,
512,555.009670193999,
513,538.019578249284,
514,512.534440332213,
515,484.217620424356,
516,458.732482507284,
517,385.108750746856,
518,339.801838894285,
519,336.970156903499,
520,376.613704774499,
521,430.415662599427,
522,481.38593843357,
523,526.692850286141,
524,560.67303417557,
525,583.326490101856,
526,600.31658204657,
527,617.306673991284,
528,631.465083945213,
529,645.623493899141,
530,656.950221862284,
531,651.286857880713,
532,634.296765935998,
533,631.465083945213,
534,605.979946028141,
535,611.643310009713,
536,580.49480811107,
537,571.999762138713,
538,529.524532276927,
539,495.544348387499,
540,453.069118525713,
541,404.930524682356,
542,353.960248848213,
543,288.831563060142,
544,305.821655004856,
545,285.999881069356,
546,259.948406754128,
547,259.665238555049,
548,248.904846990064,
549,248.055342392828,
550,213.225653906164,
551,219.738522484971,
552,213.508822105242,
553,189.722693382642,
554,183.492993002914,
555,161.405873474785,
556,151.494986507035,
557,150.362313710721,
558,144.982117928228,
559,142.150435937442,
560,160.273200678471,
561,131.956380770614,
562,135.071230960478,
563,158.007855085842,
564,148.096968118092,
565,157.441518687685,
566,145.548454326385,
567,119.496980011157,
568,120.91282100655,
569,114.399952427743,
570,100.524710672893,
571,110.718765839721,
572,104.772233659071,
573,108.736588446171,
574,68.8098723760927,
575,90.6138237051426,
576,78.4375911447641,
577,79.0039275429212,
578,70.2257133714855,
579,78.7207593438426,
580,73.0573953622712,
581,67.3940313806998,
582,74.1900681585855,
583,69.3762087742498,
584,78.4375911447641,
585,58.3326490101856,
586,75.3227409548998,
587,79.2870957419998,
588,62.013835598207,
589,68.8098723760927,
590,73.3405635613498,
591,64.5623493899141,
592,62.2970037972855,
593,58.049480811107,
594,57.7663126120284,
595,68.2435359779355,
596,54.9346306212427,
597,50.120771236907,
598,64.5623493899141,
599,45.8732482507284,
600,53.2356214267713,
601,51.2534440332213,
602,53.8019578249284,
603,53.8019578249284,
604,54.6514624221641,
605,48.9880984405927,
606,50.120771236907,
607,52.102948630457,
608,53.5187896258499,
609,48.138593843357,
610,52.6692850286141,
611,47.2890892461213,
612,35.3960248848213,
613,51.5366122322999,
614,56.6336398157141,
615,59.1821536074213,
616,56.9168080147927,
617,56.6336398157141,
618,57.1999762138713,
619,47.5722574451999,
620,50.4039394359856,
621,52.3861168295356,
622,48.138593843357,
623,52.3861168295356,
624,56.6336398157141,
625,65.4118539871498,
626,50.4039394359856,
627,59.7484900055784,
628,57.4831444129498,
629,55.7841352184784,
630,62.8633401954427,
631,59.4653218064998,
632,60.3148264037356,
633,64.5623493899141,
634,63.7128447926784,
635,62.2970037972855,
636,66.2613585843855,
637,65.4118539871498,
638,60.031658204657,
639,57.4831444129498,
640,67.3940313806998,
641,60.3148264037356,
642,61.1643310009713,
643,68.2435359779355,
644,65.4118539871498,
645,60.031658204657,
646,60.5979946028141,
647,62.8633401954427,
648,67.6771995797784,
649,62.2970037972855,
650,70.7920497696427,
651,63.7128447926784,
652,52.9524532276927,
653,56.067303417557,
654,67.6771995797784,
655,66.5445267834641,
656,70.2257133714855,
657,63.7128447926784,
658,69.0930405751712,
659,62.2970037972855,
660,92.8791692977712,
661,88.9148145106712,
662,88.348478112514,
663,86.9326371171212,
664,63.996012991757,
665,58.049480811107,
666,61.4474992000498,
667,87.7821417143569,
668,92.312832899614,
669,95.7108512885569,
670,116.94846621945,
671,97.4098604830283,
672,121.195989205628,
673,129.974203377064,
674,106.754411052621,
675,120.629652807471,
676,127.142521386278,
677,105.338570057228,
678,120.91282100655,
679,119.780148210235,
680,121.195989205628,
681,118.081139015764,
682,121.195989205628,
683,122.328662001943,
684,120.91282100655,
685,116.382129821293,
686,119.780148210235,
687,108.736588446171,
688,113.267279631428,
689,120.346484608393,
690,122.045493802864,
691,135.354399159557,
692,143.566276932835,
693,140.451426742971,
694,140.168258543892,
695,129.407866978907,
696,130.257371576143,
697,130.257371576143,
698,141.300931340207,
699,188.590020586328,
700,230.215745850878,
701,236.162278031528,
702,240.692969216785,
703,241.825642013099,
704,288.831563060142,
705,297.326609032499,
706,308.653336995642,
707,317.148382967999,
708,314.316700977213,
709,314.316700977213,
710,317.148382967999,
711,311.485018986428,
712,311.485018986428,
713,311.485018986428,
714,311.485018986428,
715,311.485018986428,
716,311.485018986428,
717,305.821655004856,
718,288.831563060142,
719,280.619685286864,
720,280.336517087785,
721,241.542473814021,
722,220.304858883128,
723,227.667232059171,
724,218.039513290499,
725,206.712785327357,
726,205.580112531042,
727,191.138534378035,
728,190.289029780799,
729,178.679133618578,
730,180.37814281305,
731,186.041506794621,
732,185.758338595542,
733,150.079145511642,
734,132.239548969692,
735,132.239548969692,
736,132.239548969692,
737,132.239548969692,
738,138.7524175485,
739,137.619744752185,
740,138.7524175485,
741,167.918742053592,
742,159.990032479392,
743,146.6811271227,
744,146.6811271227,
745,144.415781530071,
746,138.7524175485,
747,137.619744752185,
748,131.390044372457,
749,143.566276932835,
750,133.089053566928,
751,124.310839395493,
752,127.142521386278,
753,127.142521386278,
754,169.900919447142,
755,174.714778831478,
756,172.44943323885,
757,173.582106035164,
758,174.714778831478,
759,173.865274234242,
760,173.298937836085,
761,173.298937836085,
762,173.298937836085,
763,173.298937836085,
764,178.679133618578,
765,178.3959654195,
766,178.679133618578,
767,186.041506794621,
768,189.439525183564,
769,189.439525183564,
770,189.439525183564,
771,189.439525183564,
772,189.439525183564,
773,189.439525183564,
774,189.439525183564,
775,189.439525183564,
776,189.439525183564,
777,189.439525183564,
778,189.439525183564,
779,189.439525183564,
780,186.041506794621,
781,185.192002197385,
782,185.475170396464,
783,185.475170396464,
784,185.758338595542,
785,165.936564660042,
786,184.34249760015,
787,184.34249760015,
788,184.34249760015,
789,184.34249760015,
790,184.34249760015,
791,184.059329401071,
792,184.059329401071,
793,184.059329401071,
794,184.059329401071,
795,184.059329401071,
796,184.059329401071,
797,184.059329401071,
798,184.059329401071,
799,184.059329401071,
800,184.059329401071,
801,184.059329401071,
802,184.059329401071,
803,184.059329401071,
804,184.059329401071,
805,184.908833998307,
806,185.475170396464,
807,185.758338595542,
808,186.891011391857,
809,188.306852387249,
810,189.722693382642,
811,189.722693382642,
812,227.100895661014,
813,342.63352088507,
814,356.791930838999,
815,356.791930838999,
816,345.465202875856,
817,345.465202875856,
818,328.475110931142,
819,314.316700977213,
820,314.316700977213,
821,305.821655004856,
822,314.316700977213,
823,314.316700977213,
824,351.128566857428,
825,365.286976811356,
826,396.435478709999,
827,424.752298617856,
828,489.880984405927,
829,506.871076350641,
830,563.504716166356,
831,566.336398157141,
832,574.831444129498,
833,560.67303417557,
834,560.67303417557,
835,549.346306212427,
836,535.187896258499,
837,487.049302415142,
838,407.762206673142,
839,396.435478709999,
840,399.267160700785,
841,430.415662599427,
842,416.257252645499,
843,387.940432737642,
844,407.762206673142,
845,404.930524682356,
846,404.930524682356,
847,430.415662599427,
848,438.910708571785,
849,438.910708571785,
850,430.415662599427,
851,441.74239056257,
852,438.910708571785,
853,438.910708571785,
854,433.247344590213,
855,421.92061662707,
856,407.762206673142,
857,402.09884269157,
858,407.762206673142,
859,407.762206673142,
860,424.752298617856,
861,447.405754544142,
862,472.890892461213,
863,492.712666396713,
864,506.871076350641,
865,523.861168295356,
866,521.02948630457,
867,532.356214267713,
868,492.712666396713,
869,402.09884269157,
870,370.950340792928,
871,356.791930838999,
872,317.148382967999,
873,317.148382967999,
874,297.326609032499,
875,263.912761541228,
876,238.144455425078,
877,212.376149308928,
878,199.633580350392,
879,194.819720966057,
880,195.102889165135,
881,196.801898359607,
882,203.031598739335,
883,215.490999498792,
884,208.411794521828,
885,209.827635517221,
886,193.120711771585,
887,189.722693382642,
888,180.944479211207,
889,174.148442433321,
890,173.298937836085,
891,182.3603202066,
892,189.722693382642,
893,189.722693382642,
894,173.865274234242,
895,164.237555465571,
896,149.512809113485,
897,139.035585747578,
898,138.469249349421,
899,135.920735557714,
900,117.231634418528,
901,121.195989205628,
902,164.803891863728,
903,223.702877272071,
904,203.031598739335,
905,188.306852387249,
906,173.865274234242,
907,161.689041673864,
908,166.786069257278,
909,148.096968118092,
910,151.494986507035,
911,115.532625224057,
912,135.071230960478,
913,118.930643613,
914,116.665298020371,
915,115.249457024978,
916,111.851438636035,
917,117.797970816685,
918,104.772233659071,
919,95.9940194876355,
920,84.9504597235712,
921,80.7029367373926,
922,74.1900681585855,
923,77.3049183484498,
924,69.6593769733284,
925,73.9068999595069,
926,77.8712547466069,
927,80.4197685383141,
928,68.8098723760927,
929,54.085126024007,
930,62.5801719963641,
931,62.013835598207,
932,55.5009670193999,
933,51.8197804313784,
934,56.067303417557,
935,58.6158172092641,
936,59.4653218064998,
937,59.1821536074213,
938,45.0237436534927,
939,48.7049302415142,
940,58.3326490101856,
941,49.5544348387499,
942,44.7405754544142,
943,53.5187896258499,
944,49.2712666396713,
945,64.2791811908355,
946,66.2613585843855,
947,89.4811509088283,
948,69.6593769733284,
949,71.3583861677998,
950,48.7049302415142,
951,73.9068999595069,
952,54.9346306212427,
953,43.3247344590213,
954,47.2890892461213,
955,49.5544348387499,
956,49.2712666396713,
957,49.8376030378284,
958,46.7227528479642,
959,43.0415662599427,
960,52.9524532276927,
961,42.192061662707,
962,51.2534440332213,
963,53.2356214267713,
964,51.2534440332213,
965,42.192061662707,
966,52.6692850286141,
967,37.6613704774499,
968,38.5108750746856,
969,48.4217620424356,
970,48.138593843357,
971,48.4217620424356,
972,46.7227528479642,
973,49.5544348387499,
974,37.0950340792928,
975,41.6257252645499,
976,36.8118658802142,
977,48.138593843357,
978,48.138593843357,
979,45.3069118525713,
980,48.4217620424356,
981,58.8989854083427,
982,59.7484900055784,
983,56.067303417557,
984,65.6950221862284,
985,58.049480811107,
986,47.8554256442784,
987,54.9346306212427,
988,54.085126024007,
989,52.6692850286141,
990,58.3326490101856,
991,50.6871076350642,
992,57.1999762138713,
993,62.013835598207,
994,60.8811628018927,
995,60.031658204657,
996,54.3682942230856,
997,37.3782022783713,
998,62.8633401954427,
999,62.013835598207,
1000,62.5801719963641,
1001,64.2791811908355,
1002,73.6237317604284,
1003,51.5366122322999,
1004,56.3504716166356,
1005,56.9168080147927,
1006,53.2356214267713,
1007,67.960367778857,
1008,53.5187896258499,
1009,85.5167961217283,
1010,71.3583861677998,
1011,73.6237317604284,
1012,72.2078907650355,
1013,23.9277128221392,
1014,81.2692731355498,
1015,81.5524413346284,
1016,98.5425332793426,
1017,91.4633283023783,
1018,98.8257014784212,
1019,80.4197685383141,
1020,86.9326371171212,
1021,96.277187686714,
1022,84.1009551263355,
1023,108.170252048014,
1024,84.1009551263355,
1025,92.0296647005355,
1026,100.241542473814,
1027,91.7464965014569,
1028,95.9940194876355,
1029,98.5425332793426,
1030,87.4989735152783,
1031,73.6237317604284,
1032,72.7742271631927,
1033,83.2514505290998,
1034,86.0831325198855,
1035,99.3920378765783,
1036,100.524710672893,
1037,93.4455056959283,
1038,90.6138237051426,
1039,105.904906455385,
1040,101.09104707105,
1041,97.4098604830283,
1042,97.6930286821069,
1043,106.471242853543,
1044,91.4633283023783,
1045,97.6930286821069,
1046,103.356392663678,
1047,101.657383469207,
1048,100.807878871971,
1049,102.223719867364,
1050,100.241542473814,
1051,88.6316463115926,
1052,101.940551668285,
1053,99.3920378765783,
1054,99.1088696774997,
1055,109.302924844328,
1056,100.524710672893,
1057,100.807878871971,
1058,94.295010293164,
1059,110.152429441564,
1060,101.940551668285,
1061,99.6752060756569,
1062,102.223719867364,
1063,94.0118420940855,
1064,105.338570057228,
1065,93.1623374968497,
1066,107.887083848935,
1067,103.639560862757,
1068,124.027671196414,
1069,126.8593531872,
1070,147.247463520857,
1071,127.992025983514,
1072,148.66330451625,
1073,139.318753946657,
1074,146.114790724542,
1075,151.494986507035,
1076,143.283108733757,
1077,148.946472715328,
1078,147.530631719935,
1079,142.999940534678,
1080,138.7524175485,
1081,146.6811271227,
1082,148.946472715328,
1083,146.6811271227,
1084,138.7524175485,
1085,143.849445131914,
1086,140.451426742971,
1087,137.053408354028,
1088,137.336576553107,
1089,134.221726363242,
1090,137.619744752185,
1091,141.017763141128,
1092,127.992025983514,
1093,129.691035177985,
1094,121.195989205628,
1095,119.213811812078,
1096,126.293016789043,
1097,127.42,
1098,107.6,
1099,99.1,
1100,110.43,
1101,121.76,
1102,101.94,
1103,138.75,
1104,147.24,
1105,155.74,
1106,147.24,
1107,150.07,
1108,150.07,
1109,172.73,
1110,172.73,
1111,172.73,
1112,172.73,
1113,172.73,
1114,172.73,
1115,172.73,
1116,169.9,
1117,169.9,
1118,169.9,
1119,169.9,
1120,169.9,
1121,169.9,
1122,141.58,
1123,130.25,
1124,121.76,
1125,116.09,
1126,124.59,
1127,116.09,
1128,101.94,
1129,110.43,
1130,101.94,
1131,101.94,
1132,104.77,
1133,101.94,
1134,93.44,
1135,116.09,
1136,99.1,
1137,87.78,
1138,87.78,
1139,124.59,
1140,101.94,
1141,127.42,
1142,169.9,
1143,152.91,
1144,147.24,
1145,169.9,
1146,169.9,
1147,141.58,
1148,169.9,
1149,169.9,
1150,169.9,
1151,169.9,
1152,169.9,
1153,169.9,
1154,158.57,
1155,133.08,
1156,110.43,
1157,169.9,
1158,152.91,
1159,133.08,
1160,169.9,
1161,181.22,
1162,311.48,
1163,331.3,
1164,385.1,
1164.95833333,402.09,
1165.95833333,504.04,
1166.95833333,518.19,
1167.95833333,538.02,
1168.95833333,543.68,
1169.95833333,690.93,
1170.95833333,744.73,
1171.95833333,710.75,
1172.95833333,702.25,
1173.95833333,673.94,
1174.95833333,665.44,
1175.95833333,631.46,
1176.95833333,603.14,
1177.95833333,566.33,
1178.95833333,555.01,
1179.95833333,523.86,
1180.95833333,484.21,
1181.95833333,472.89,
1182.95833333,441.74,
1183.95833333,447.4,
1184.95833333,427.58,
1185.95833333,450.23,
1186.95833333,450.23,
1187.95833333,455.9,
1188.95833333,470.06,
1189.95833333,461.56,
1190.95833333,450.23,
1191.95833333,450.23,
1192.95833333,438.91,
1193.95833333,438.91,
1194.95833333,464.39,
1195.95833333,464.39,
1196.9583333,444.57,
1197.9583333,509.7,
1198.9583333,504.04,
1199.9583333,509.7,
1200.9583333,518.19,
1201.9583333,515.36,
1202.9583333,509.7,
1203.9583333,492.71,
1204.9583333,487.05,
1205.9583333,492.71,
1206.9583333,498.37,
1207.9583333,535.18,
1208.9583333,501.2,
1209.9583333,506.87,
1210.9583333,523.86,
1211.9583333,529.52,
1212.9583333,538.02,
1213.9583333,555.01,
1214.9583333,557.84,
1215.9583333,580.49,
1216.9583333,628.63,
1217.9583333,458.73,
1218.9583333,543.68,
1219.9583333,526.69,
1220.9583333,540.85,
1221.9583333,569.16,
1222.9583333,588.99,
1223.9583333,605.98,
1224.9583333,597.48,
1225.9583333,594.65,
1226.9583333,560.67,
1227.9583333,569.16,
1228.9583333,572,
1229.9583333,549.34,
1230.9583333,543.68,
1231.9583333,535.18,
1232.9583333,526.69,
1233.9583333,526.69,
1234.9583333,535.18,
1235.9583333,543.68,
1236.9583333,535.18,
1237.9583333,535.18,
1238.9583333,535.18,
1239.9583333,523.86,
1240.9583333,526.69,
1241.9583333,526.69,
1242.9583333,526.69,
1243.9583333,518.19,
1244.9583333,506.87,
1245.9583333,515.36,
1246.9583333,495.54,
1247.9583333,447.4,
1248.9583333,359.62,
1249.9583333,362.45,
1250.9583333,351.12,
1251.9583333,348.29,
1252.9583333,331.3,
1253.9583333,334.13,
1254.9583333,288.83,
1255.9583333,260.51,
1256.9583333,237.86,
1257.9583333,218.04,
1258.9583333,218.04,
1259.9583333,226.53,
1260.9583333,215.2,
1261.9583333,212.37,
1262.9583333,218.04,
1263.9583333,209.54,
1264.9583333,209.54,
1265.9583333,243.52,
1266.9583333,229.36,
1267.9583333,192.55,
1268.9583333,189.72,
1269.9583333,189.72,
1270.9583333,172.73,
1271.9583333,150.07,
1272.9583333,152.91,
1273.9583333,152.91,
1274.9583333,184.06,
1275.9583333,175.56,
1276.9583333,178.39,
1277.9583333,184.06,
1278.9583333,158.57,
1279.9583333,144.41,
1280.9583333,138.75,
1281.9583333,133.08,
1282.9583333,130.25,
1283.9583333,130.25,
1284.9583333,116.09,
1285.9583333,107.6,
1286.9583333,110.43,
1287.9583333,101.94,
1288.9583333,96.27,
1289.9583333,93.44,
1290.9583333,90.61,
1291.9583333,93.44,
1292.9583333,90.61,
1293.9583333,82.11,
1294.9583333,82.11,
1295.9583333,90.61,
1296.9583333,82.11,
1297.9583333,73.62,
1298.9583333,70.79,
1299.9583333,79.28,
1300.9583333,65.12,
1302.9583333,73.62,
1303.9583333,53.8,
1304.9583333,70.79,
1305.9583333,67.96,
1306.9583333,59.46,
1307.9583333,50.97,
1308.9583333,59.46,
1309.9583333,59.46,
1310.9583333,45.3,
1311.9583333,56.63,
1312.9583333,53.8,
1313.9583333,56.63,
1314.9583333,70.79,
1315.9583333,48.13,
1316.9583333,50.97,
1317.9583333,48.13,
1318.9583333,50.97,
1319.9583333,62.29,
1320.9583333,42.47,
1321.9583333,42.47,
1322.9583333,56.63,
1323.9583333,70.79,
1324.9583333,50.97,
1325.9583333,50.97,
1326.9583333,59.46,
1327.9583333,50.97,
1328.9583333,45.3,
1329.9583333,45.3,
1330.9583333,59.46,
1331.9583333,53.8,
1332.9583333,45.3,
1333.9583333,53.8,
1334.9583333,48.13,
1335.9583333,53.8,
1336.9583333,45.3,
1337.9583333,45.3,
1338.9583333,42.47,
1339.9583333,42.47,
1340.9583333,45.3,
1341.9583333,48.13,
1342.9583333,53.8,
1343.9583333,62.29,
1344.9583333,53.8,
1345.9583333,56.63,
1346.9583333,53.8,
1347.9583333,56.63,
1348.9583333,53.8,
1349.9583333,56.63,
1350.9583333,56.63,
1351.9583333,48.13,
1352.9583333,48.13,
1353.9583333,59.46,
1354.9583333,59.46,
1355.9583333,53.8,
1356.9583333,56.63,
1357.9583333,53.8,
1358.9583333,65.12,
1359.9583333,56.63,
1360.9583333,56.63,
1361.9583333,50.97,
1362.9583333,53.8,
1363.9583333,59.46,
1364.9583333,73.62,
1365.9583333,62.29,
1366.9583333,59.46,
1367.9583333,62.29,
1368.9583333,70.79,
1369.9583333,70.79,
1370.9583333,82.11,
1371.9583333,70.79,
1372.9583333,67.96,
1373.9583333,70.79,
1374.9583333,67.96,
1375.9583333,73.62,
1376.9583333,82.11,
1378.9583333,65.12,
1379.9583333,73.62,
1380.9583333,82.11,
1381.9583333,76.45,
1382.9583333,79.28,
1383.9583333,73.62,
1384.9583333,84.95,
1385.9583333,70.79,
1386.9583333,70.79,
1387.9583333,76.45,
1388.9583333,70.79,
1389.9583333,82.11,
1390.9583333,82.11,
1391.9583333,70.79,
1392.9583333,79.28,
1393.9583333,84.95,
1394.9583333,67.96,
1395.9583333,70.79,
1396.9583333,79.28,
1397.9583333,73.62,
1398.9583333,70.79,
1399.9583333,84.95,
1400.9583333,79.28,
1401.9583333,76.45,
1403,70.79,
1404,84.95,
1405,79.28,
1406,73.62,
1407,79.28,
1408,82.11,
1409,73.62,
1410,79.28,
1411,79.28,
1412,76.45,
1413,79.28,
1414,79.28,
1415,79.28,
1416,82.11,
1417,90.61,
1418,84.95,
1419,79.28,
1420,76.45,
1421,79.28,
1422,90.61,
1423,82.11,
1424,79.28,
1425,82.11,
1426,73.62,
1427,79.28,
1428,76.45,
1429,104.77,
1430,90.61,
1431,79.28,
1432,113.26,
1433,113.26,
1434,116.09,
1435,118.93,
1436,135.92,
1437,135.92,
1438,130.25,
1439,135.92,
1440,144.41,
1441,144.41,
1442,147.24,
1443,147.24,
1444,138.75,
1445,138.75,
1446,147.24,
1447,150.07,
1448,150.07,
1449,150.07,
1450,150.07,
1451,150.07,
1452,150.07,
1453,150.07,
1454,150.07,
1455,150.07,
1456,150.07,
1457,150.07,
1458,164.23,
1459,161.4,
1460,161.4,
1461,161.4,
1462,161.4,
1463,161.4,
1464,155.74,
1465,150.07,
1466,150.07,
1467,181.22,
1468,206.71,
1469,203.88,
1470,206.71,
1471,203.88,
1472,209.54,
1473,195.38,
1474,212.37,
1475,229.36,
1476,218.04,
1477,223.7,
1478,243.52,
1479,235.03,
1480,269.01,
1481,288.83,
1482,249.18,
1483,249.18,
1484,246.35,
1485,246.35,
1486,246.35,
1487,246.35,
1488,254.85,
1489,249.18,
1490,260.51,
1491,291.66,
1492,302.99,
1493,297.32,
1494,297.32,
1495,300.15,
1496,311.48,
1497,317.14,
1498,317.14,
1499,317.14,
1500,322.81,
1501,359.62,
1502,441.74,
1503,523.86,
1504,588.99,
1505,622.97,
1506,651.28,
1507,656.95,
1508,642.79,
1509,628.63,
1510,614.47,
1511,588.99,
1512,566.33,
1513,529.52,
1514,509.7,
1515,492.71,
1516,470.06,
1517,444.57,
1518,419.08,
1519,385.1,
1520,379.44,
1521,351.12,
1522,331.3,
1523,314.31,
1524,300.15,
1525,288.83,
1526,243.52,
1527,223.7,
1528,243.52,
1528.95833333,223.7,
1529.95833333,206.71,
1530.95833333,209.54,
1531.95833333,195.38,
1532.95833333,195.38,
1533.95833333,184.06,
1534.95833333,172.73,
1535.95833333,209.54,
1536.95833333,240.69,
1537.95833333,300.15,
1538.95833333,365.28,
1539.95833333,390.77,
1540.95833333,419.08,
1541.95833333,433.24,
1542.95833333,430.41,
1543.95833333,430.41,
1544.95833333,444.57,
1545.95833333,475.72,
1546.95833333,478.55,
1547.95833333,461.56,
1548.95833333,461.56,
1549.95833333,484.21,
1550.95833333,498.37,
1551.95833333,498.37,
1552.95833333,498.37,
1553.95833333,498.37,
1554.95833333,498.37,
1555.95833333,427.58,
1556.95833333,353.96,
1557.95833333,348.29,
1558.95833333,336.97,
1559.95833333,336.97,
1560.95833333,322.81,
1561.9583333,319.98,
1562.9583333,317.14,
1563.9583333,271.84,
1564.9583333,263.34,
1565.9583333,249.18,
1566.9583333,235.03,
1567.9583333,229.36,
1568.9583333,198.21,
1569.9583333,195.38,
1570.9583333,186.89,
1571.9583333,167.06,
1572.9583333,181.22,
1573.9583333,181.22,
1574.9583333,181.22,
1575.9583333,169.9,
1576.9583333,150.07,
1577.9583333,164.23,
1578.9583333,169.9,
1579.9583333,169.9,
1580.9583333,164.23,
1581.9583333,164.23,
1582.9583333,152.91,
1583.9583333,135.92,
1584.9583333,141.58,
1585.9583333,152.91,
1586.9583333,135.92,
1587.9583333,150.07,
1588.9583333,130.25,
1589.9583333,130.25,
1590.9583333,135.92,
1591.9583333,130.25,
1592.9583333,135.92,
1593.9583333,138.75,
1594.9583333,118.93,
1595.9583333,133.08,
1596.9583333,144.41,
1597.9583333,110.43,
1598.9583333,141.58,
1599.9583333,138.75,
1600.9583333,133.08,
1601.9583333,133.08,
1602.9583333,133.08,
1603.9583333,118.93,
1604.9583333,130.25,
1605.9583333,124.59,
1606.9583333,130.25,
1607.9583333,135.92,
1608.9583333,130.25,
1609.9583333,130.25,
1610.9583333,135.92,
1611.9583333,118.93,
1612.9583333,127.42,
1613.9583333,133.08,
1614.9583333,127.42,
1615.9583333,127.42,
1616.9583333,127.42,
1617.9583333,124.59,
1618.9583333,107.6,
1619.9583333,93.44,
1620.9583333,70.79,
1621.9583333,45.3,
1622.9583333,76.45,
1623.9583333,56.63,
1624.9583333,42.47,
1625.9583333,59.46,
1626.9583333,53.8,
1627.9583333,56.63,
1628.9583333,50.97,
1629.9583333,48.13,
1630.9583333,48.13,
1631.9583333,33.98,
1632.9583333,45.3,
1633.9583333,50.97,
1634.9583333,82.11,
1635.9583333,50.97,
1636.9583333,31.14,
1637.9583333,48.13,
1638.9583333,50.97,
1639.9583333,39.64,
1640.9583333,33.98,
1641.9583333,39.64,
1642.9583333,45.3,
1643.9583333,53.8,
1644.9583333,42.47,
1645.9583333,28.31,
1646.9583333,39.64,
1647.9583333,45.3,
1648.9583333,42.47,
1649.9583333,42.47,
1650.9583333,39.64,
1651.9583333,45.3,
1652.9583333,36.81,
1653.9583333,39.64,
1654.9583333,50.97,
1655.9583333,31.14,
1656.9583333,45.3,
1657.9583333,48.13,
1658.9583333,36.81,
1659.9583333,36.81,
1660.9583333,39.64,
1661.9583333,36.81,
1662.9583333,36.81,
1663.9583333,33.98,
1664.9583333,45.3,
1665.9583333,36.81,
1666.9583333,36.81,
1667.9583333,28.31,
1668.9583333,36.81,
1669.9583333,39.64,
1670.9583333,45.3,
1671.9583333,33.98,
1672.9583333,39.64,
1673.9583333,36.81,
1674.9583333,36.81,
1675.9583333,36.81,
1676.9583333,28.31,
1677.9583333,33.98,
1678.9583333,45.3,
1679.9583333,36.81,
1680.9583333,31.14,
1681.9583333,31.14,
1682.9583333,33.98,
1683.9583333,39.64,
1684.9583333,31.14,
1685.9583333,31.14,
1686.9583333,36.81,
1687.9583333,31.14,
1688.9583333,39.64,
1689.9583333,33.98,
1690.9583333,33.98,
1691.9583333,36.81,
1692.9583333,33.98,
1693.9583333,39.64,
1694.9583333,31.14,
1695.9583333,31.14,
1696.9583333,33.98,
1697.9583333,36.81,
1698.9583333,31.14,
1699.9583333,31.14,
1700.9583333,45.3,
1701.9583333,39.64,
1702.9583333,25.48,
1703.9583333,36.81,
1704.9583333,45.3,
1705.9583333,42.47,
1706.9583333,31.14,
1707.9583333,36.81,
1708.9583333,36.81,
1709.9583333,33.98,
1710.9583333,33.98,
1711.9583333,31.14,
1712.9583333,31.14,
1713.9583333,48.13,
1714.9583333,42.47,
1715.9583333,31.14,
1716.9583333,36.81,
1717.9583333,33.98,
1718.9583333,39.64,
1719.9583333,39.64,
1720.9583333,39.64,
1721.9583333,31.14,
1722.9583333,36.81,
1723.9583333,36.81,
1724.9583333,33.98,
1725.9583333,39.64,
1726.9583333,33.98,
1727.9583333,42.47,
1728.9583333,42.47,
1729.9583333,22.65,
1730.9583333,33.98,
1731.9583333,33.98,
1732.9583333,50.97,
1733.9583333,39.64,
1734.9583333,42.47,
1735.9583333,36.81,
1736.9583333,39.64,
1737.9583333,39.64,
1738.9583333,36.81,
1739.9583333,36.81,
1740.9583333,45.3,
1741.9583333,42.47,
1742.9583333,36.81,
1743.9583333,50.97,
1744.9583333,28.31,
1745.9583333,39.64,
1746.9583333,28.31,
1747.9583333,45.3,
1748.9583333,45.3,
1749.9583333,50.97,
1750.9583333,45.3,
1751.9583333,31.14,
1752.9583333,56.63,
1753.9583333,45.3,
1754.9583333,50.97,
1755.9583333,42.47,
1756.9583333,45.3,
1757.9583333,50.97,
1758.9583333,70.79,
1759.9583333,45.3,
1760.9583333,45.3,
1761.9583333,62.29,
1762.9583333,67.96,
1763.9583333,70.79,
1764.9583333,53.8,
1765.9583333,76.45,
1767,62.29,
1768,70.79,
1769,65.12,
1770,65.12,
1771,90.61,
1772,73.62,
1773,73.62,
1774,82.11,
1775,73.62,
1776,84.95,
1777,82.11,
1778,87.78,
1779,84.95,
1780,87.78,
1781,76.45,
1782,87.78,
1783,76.45,
1784,82.11,
1785,82.11,
1786,82.11,
1787,93.44,
1788,79.28,
1789,99.1,
1790,96.27,
1791,79.28,
1792,87.78,
1793,84.95,
1794,84.95,
1795,90.61,
1796,90.61,
1797,87.78,
1798,82.11,
1799,84.95,
1800,82.11,
1801,84.95,
1802,90.61,
1803,110.43,
1804,84.95,
1805,141.58,
1806,144.41,
1807,144.41,
1808,144.41,
1809,144.41,
1810,144.41,
1811,144.41,
1812,144.41,
1813,147.24,
1814,155.74,
1815,152.91,
1816,150.07,
1817,152.91,
1818,155.74,
1819,152.91,
1820,150.07,
1821,150.07,
1822,144.41,
1823,155.74,
1824,155.74,
1825,164.23,
1826,147.24,
1827,147.24,
